99.99435,0,0,0.05509,0,0,0.00284,0.0004,0.16147,0,0,0,0,0,0,0,0,0.17897,0.0245,3.42972,0,0,0,0.69298,0,0,0,0.00793,0,0.0074,0,0,0,0,0.3111,0,0.00071,0,0,0,0,0,0,0.07215,0,0,0.00547,0,0,0,0,0.27296,0,0,0,1.05673,0,2.24098,0.00543,0,0,0,0,0,0.02404,0,0,0,0,0.04695,0,0,0,0,0,0,0,0,0,0,0,0,0,0.26216,0,0,0.56543,0,0.85421,0,0,0,0,0,0,0,0,0,0,0,0,0,0,0,0.02517,0,0,0,0,0,0.01237,0,0,0,0,0,0,0.15701,0,3.48368,0,0,0,0.00101,0,0,0,0,0,1.20704,0.00272,0,0.01515,0,0.06103,0,0,0.00465,0.10645,0,0.01595,0.00232,0,0,0,0,0,0,0,0,0,0,0,0,0,0,0,0,0,0.00031,0,0.0561,0,0,0.00908,0.00981,0,0.80503,0.01529,0.0043,0,0,0.0214,0.02359,0,0,0,0,0.00799,0,0,0,0,0,0,0.00198,0,0,0,0.03433,0,0,0,0,0,0,0.08067,0,0.00108,0,0.06838,0,0,0,2.95159,0,0,0,0,0,0,0,0,0.00415,0,0,0.00168,0,0.00263,0,0.01268,0,0,0,0.00036,0,0.03285,0,0,0,0,0,0,0.00137,0.33009,0,0,0.04617,0,0,0.00155,0,0,0.81465,0,0.24368,0,0,0,0,0,0,0,3.40036,0.05576,0,0,0,0,8.88191,0,0,0.03573,0,0,0,0,0,0,0,0,0.00091,0.46281,0,0,0.37789,0.54635,0,0,0.00642,0.34017,0,0.00124,0,0,0,1.05157,0.00291,0,0,1.55092,0,0,0,22.07398,0.00213,0,0,0.00724,0,0.02867,0,0,0,0,0,0,0,0,0,0.00417,0,0,0,0,0.16861,0,0,0,1.78721,0,0,0.00205,0,0,0,0,0,0,0.00128,0,0,0,0,0.00627,0,0,0,0,0,0,0,0,0,0,0,0.001,0,0,0.81083,0.01951,0.00096,0,15.86233,0,0.03897,1.57708,0,19.63493,0,0,0,0.00094,0,0,0.0189,0.05037,0.01998,0,0,0,0.20413,0,0,0,0,0.0009
100,0,0,0.45581,0,0,0,0.00306,0,0.00218,0,0,0,0,0,0,19.78376,0.01517,0.88577,0.08391,0,0,0,0,0,0,0,0,0,1.01822,0,0,0,0,0,0,0,1.19467,0,0,0,8.46398,0,3.03524,0,0,0,3.12626,0,0,0,0.03306,0,0,0,0.00444,0,1.34993,0,0,0,0.049,0,0,0.09483,0,0,0,0,3.06734,0,0,0,0,0,0,0,0,0,1.31604,0,0.10654,0,0.55243,0,0,0.03843,0,0.68217,0,0,0,0,2.76878,0,0,0,0,0.00105,0.00026,0,0,0,0.03352,0,0,0,0,0,0.20926,0,0,0,0,0,0,0,4.30101,0,0,0,0,0,0,0,0,0,0,0.00269,0,0,0,0,0,0,12.85463,0,0,0,0,0,0,0,0,0,0,0,0,0,0,0,0.20148,0.28329,0,0,0,0.06421,0,0.03932,0,0,0.68895,0.13912,0,0,0,0,0,0,0.00095,0,0,0.03229,0,1.83005,0,0,0,0,0.15233,0,0,1.02133,0,0,0,0,0,0,1.12409,0,0,0,0,0,0,0.17995,0,0,0.40377,0,0,0,0,0.43887,0,0,0,0,0,0,0,0.01634,0,0,0,0,0,0.00318,0,0,0,0,0,0,0,2.49866,0,0,0.10085,0,0.05044,0,0,0,0,0,0.08696,0,0,0.02078,0,0,0.00334,0,0.17886,0,4.48834,0,0,0,0,0,0.10108,6.65991,0,0,0,0,3.21188,0,0.01994,0.08426,0,0,0,2.51709,0,0,0,0,0.6732,0,0,0,0.0002,0,0,0,0,0,0,0,0,0,0,1.91575,0.07078,0,0,0.00946,0,0,0.0092,0,0.00058,0,0,0.00521,0,0,0,0,0,0,0,0,0,0,0,0.03593,0,0,0,0,0,0,0,0,0,0,0,0,0,0.08758,0,0,0,0,0,0.00027,0,0,0,0,0,0,0,0,0,0,0,0,0,0,0,0,0,0,0,3.01447,0.09193,0,0,0,0.00963,0,0,0,0,0,0,0.01182,0,0,0,0,0.00062,0.38841,0,0,0,0,0,0,1.49962,0
100,0,0,0.56017,0.00864,0,0,0,0,0,0,0,0,0,0,0,0,0,0.00176,0.23179,0,0,0,0.05044,0,0,0,0,0,0.01204,0,0,0,0,11.58674,0,0,0,0,0,0.1176,4.11652,0,0,0,0,0,0,0,0,0,0.06103,0,0,2.00E-05,0.00623,0,0.04956,0,0,0,0,0,0,0,0,0.00048,0,0,0.21963,0,0,0,0,0,0,0,0,0,0,0,0.0178,0,0,0,0,1.65312,0,0.77236,0,0,0,0,1.28974,0,0,0,0,0,0,0,0,0,0,0,0,0,0,0,0.01732,7.00E-05,0,0,0,0,0.00359,0,3.02118,0,0,0,0,0,0,0,0,0,0,0,0.02032,0,0,0,0,0,0,0,0,0,0,0,0,0,0,0,0.94879,0,0,0,0,0,0.00955,0.01531,0,0,0,0.00332,0,0.00755,0.00394,0,0.32627,0.0026,0,0,0,0,0,0,0,0,0,1.53689,0.01221,0,0,0,0,0,0,0,0,0,0,0,0,0,0,0,0.07184,0,0,0,0,0,0.1666,0.83868,0,0,0,4.13963,0.1356,0,0,0.15682,0,0,0,0,0,0,0,0,0,0,0.00188,0,0,0,0,0.21531,0,0,0,0,38.8421,0.39809,0,0.01118,0,0,0,0,0,0.01129,0,0.01038,0.00027,0,0,0.27655,0,0,0,0,0.205,0,0,0.00181,0,0,0,0,0.0114,1.00906,0,0.00713,0,0,0.88339,0,0,0,0,0,0,0.04997,0,0,0,0,0,0,0,0,0,0,0,0,0,0,0.00761,0,0,0.00023,0,11.864,0.0121,0,0,0.02115,0,0,0,0.02952,0,0,0,0,0,0.70349,0,0,0.00897,0,0,0,0,0,0,0.02878,0,0,0,0,0.02932,0,0,0,0,0,0.01706,0,0,0,0,0.00136,0.00679,0,0,0,0,0,0,0,0,0,0,0,0,0,0,0,0,11.21984,0,0,0,0,0,1.76953,0.03215,0,0.04528,0,0,0.01216,0,0,0,0,0.00013,0,0,0,0,0.06114,0,0,0,0,0.00083,0,0,0,0,0
97.76973,0,0,0.1311,0.18919,0.00015,0,0.00883,0.00254,0.01304,0,0,0,0,0,0,0,0,0,2.13044,0,0,0,0,0,0,0,0,0,0.01314,0,0,0,0,0.76997,0,0,0,0,0,0,0.6547,0,0,0,0,0,0,0,0,0,0.04194,0,0,0.00094,0.13454,0,0.21824,0,0,0,0,0,0,0.03474,0,0,0,0,0,0,0,0,0,0,0,0,0,0,0,0,0,0.59508,0.05489,0,0,0,0.00823,0.00495,0,0,0,0,2.67823,0,0,0,0,0,0,0,0,0,0,0,0,0,0,0,0.00431,0.04292,0,0,0,0,0,0,0.05959,0,2.0067,0,0,0,0,0,0,0,0,0.00076,0.10275,0,0,0,0,0.82958,0,0,2.26968,0.00837,0,0,0.00401,0,0,0,0,0,0,0,0,0,0.01427,0.00105,0,0,0,0.00167,0,0.01068,0.03154,0,0.22694,0,0,0.00937,0,0,0,0.00284,0,7.25369,0,0.07822,0.0117,0,0,0.00123,0,0.01588,0.00643,0,0,0.18344,0,0,0,0.0028,0,0,1.35755,0,0,0,0,0,0,0.03194,0,0,0.02709,0.06572,0,0,0,0.41169,0,0,0,0,0,0,0,0,0,0,0,0,0,0.00065,0,0.03968,0.01106,0,0,0,0,0.05273,0,0.05637,0,0,0.00034,0,0.03042,0.37358,0,0.03074,0.00355,0,0,0.00113,0,0,0.00783,0,0.01728,0,0,0,0,0,0,0,0.01982,0.47195,0,0,0,0,2.76897,0,0,0,0,0,0,0.08325,0,0,0,0,2.71647,0,0.00171,0,0.02159,0.3177,0,0,0,0,0.01684,0,0,0.00211,0,0.81273,0,0,0,0.22348,0.13824,0,0,2.22572,0.00352,11.22627,0,0.00486,0,0.01551,0,0,0,0,0,0,0,0,0,0.01389,0,0,0,0,0,0,0,0.0005,1.07992,0,0.68259,0,0,0,0,0.00443,0.0012,0,0,0,0.00134,0,0,0,0.00165,0,0,0,0,0,0,0.00141,0,0.80346,0,0,0,0,0,0,0.02406,0,2.59993,19.1539,0.00192,0.03817,0,0,0,0,0,0,0,0,0,0,0,0,0,0,0,0,0,28.90597,0,0
100,0,0,0.38706,0,0,0,0,0,0,0,0,0,0.00965,0,0,0,0,0.01626,0.03585,0,0,0,0,0,0,0,0,1.88925,0.00748,0,0,0,0,1.48129,0,0,0,0,0,0.64371,0.52741,0,0,0,0,0,0,0,0,0,0.02511,0,0,0,0.04311,0,0.10008,0.02125,0,0,0,0,0,0,0,0,0,0,0.01638,0,0,0,0,0,0,0,0,0,0,1.88169,0,0.90941,0.00094,0,0,0.25712,0,0.48228,0,0,0,0,2.33844,0,0,0,0,0,0,0,0,0,0,0,0,0,0,0,0,0,0,0,0,0,0,0,0.29069,0,0.64619,0,0,0,0.02688,9.66012,0,0.08237,0,0,0.17089,0,0,0,0,0.12897,0,0,0,0,0,0,0,0,0.70668,0,0,0,0.00525,0,0,0,0.00175,0.00087,0,0,0.00104,0,0,0,0.00653,0,0,0.02405,0,0,0,0,0.03996,0,0,0,0,0.16422,0.00553,0,0,0,0,0,0.01245,0,0,0.41182,0.00066,0,0,0,0,0,1.04308,0,0,0,0,0,0,0.17064,0,0,0,0.00033,0,0,0,0.38264,0,0,0,0,0,0,0,0,0,0,0,0,11.19238,0,0,0.02498,0.00469,0,0,0,14.14889,0.2841,0,0.09333,0,0,0,0,0,0.05591,0,0.00583,0.0007,0,0,0,0,0,0,0,0,0,1.88077,0,0,0,0,0,0.00031,0.4341,0,0,0,0,13.74584,0,0,0.00186,0,0,0,0.01328,0.12038,0,0,0,0.00286,0,0,0,0,0.48358,0,0,0,0,0,0,0,0,0,5.48771,0,0,0,0.00423,0,0,0,0.54395,0,0,0,0,0,0.05688,0,0,0,0,0,0,0,0,0,0.00333,0,0,0,0,0,0,0,0,0.00229,0,0.31534,0,0,0,0,0,0,0,0,0,0,0,0,0,0,0,0,0,0,0,0,0,0,0,0,0,0,0.01067,0,0,0,0,0.1062,0,0,0.08083,0,4.58187,0,0,0.01299,0,0,0,0,0,0,0,0,0,0.07677,0,0,21.16578,0,0
99.99915,0,0,0,0.09042,0,0,0,0.00072,0,0,0,0.00761,0,0,0,0,0.00105,0,2.77081,0,0,0,3.19378,0,0,0,0,0,0,0,0,0,0,0,0,0,0,0,0,0.00268,15.20024,0,0,0,0,0,0,0,0,0,0,0,0,0,0.16125,0,0.39124,0,0,0,0,0,0,0.02419,0,0,0,0,0,0,0,0,0,0,0,0,0,0,0.03279,0,0,0,0.04722,0,0,0,0,3.24857,0,0,0,0,0,0,0,0,0,0,0,0,0,0,0,0,0,0,0,0,0,0,0,0,0,0,0,0,0.61904,0,0.56202,0.0081,0,0,0.00843,7.96177,0,0,0,0,0.34408,0,0,0,0,0.37125,0,0,2.36127,0,0,0,0,0,0,0,0,0,0,0,0,0,0.00152,0.02042,0,0,0,0.00051,0,0.00057,0.00249,0,0.19122,0,0,0,0.00074,0,0,0.00156,0,4.63992,0,0,0.00424,1.10426,0,0,0,0,0.00792,0,0,0,0,0,0,0,0,0,0.27477,0,0,0,0,0,0,0.16121,0,0,0,0,0,0,0,0.20944,0,0,0,0,0,0,0,0.00147,0,0,0,0,0,0.00097,0,0.10664,0,0,0,0,38.74316,0.12258,0,0,0,0,0,0,0,0.16485,0,0.00052,0.02056,0.00927,0,0,0,0,0,0,0,0,0,0,0,0,0,0,0.1644,0.81186,0,0,0,0,4.52193,0,0,0.00878,0,0,0,0.04424,0,0,0,0,2.97323,0.01634,0,0,0.00096,0,0,0,0,0.09825,0.02469,0,0.00058,0,0,7.30805,0,0,0,0.17899,0,0,0,0,0,0,0,0.00049,0,0,0,0,0,0,0,0,0,0,0,0,0,0,0,0,0,0,0,0,0,0.00077,0.22655,0,0,0,0,0,0,0,0,0,0.00218,0,0,0,0,0,0,0,0,0,0,0,0,0.10278,0,0,0,0,0,0,0.0007,0,0,0,0,0.14259,0,0,0,0.13661,0,0,0,0,0.03484,0,0,0,0,0,0,0,0,0,0,0
99.99997,0,0,0,0.27879,0,0,0.03834,0,0,0,0,0,0,0,0,0,0,0,0,0,0,0,0,0,0,0,0,0,0.04619,0,0,0,0,0,0,0,0,1.39171,0.00863,0,0.4777,0,0,0,0,0,0,0,0,0,0,0,0,0,0.00818,0,0.83456,0,0,0,0.01577,0,0,0.12173,0,0,0,0,0,0,0,0,0,0,0,0,0.11927,0,0.11657,0,0,0,0,0,0,23.41866,0,0.01173,0,0,0,0,0,0,0,0,0,0,0.00044,0,0,0,0,0,0,0,0,0,0,0.00079,0,0,0,0,0,0,2.38908,0,0,0,0,0,0.00455,1.80929,0,0,0.01546,0,0,0,0,0.0606,0,0,3.26949,0,2.97778,0.01198,0,0,0,0,0,0,0,0,0,0,0,0,0.02888,0.00092,0,0,0.01716,0,0,0,0,0,0.00735,0,0,0.00569,0.00045,0,0,0.00118,0,0,0,0,0,0,0,0,0,0,0,0,0,0,0,0.00249,0,0,0,0,0.01742,0,0,0,0,0,0,0.07281,0,0,0,0,0,0,0,0.02255,0,0,0,0,0,0,0,0.0037,0,0,0,0,16.61214,0,0,0.00256,0,0,0,0,35.06575,0,0,0,0,0,0,0.01319,0,0.63478,0,0,0.03391,0,0,0,0,0,0.26706,0,0,0,0,0,0,0,0,0,0.21433,4.6381,0,0.0019,0,0,0.24134,0,0.00969,0.13374,0,0,0,0.00014,0,0,0,0,0,0,0,0,0,0,0,0,0,0,0.00018,0.00741,0,0,0,1.40138,0,0,0,0,0,0,0,0.0741,0.00178,0,0,0.00046,0,0,0,0,0.0031,0,0,0,0,0,0,0,0,0,0,0,0,0,0,0,0.04216,0,0,0,0,0.01734,0,0,0,0,0,0,0.00051,0,0,0,0,0,0,0,0,0,0,0,0,2.89939,0,0,0,0.00677,0,0,0.00906,0,0.00566,0,0.00639,0,0.02131,0,0,0,0,0,0,0,0,0,0,0.02645,0,0,0,0,0,0,0,0
99.99999,0,0,0.43524,0.0066,0,0,0,0,0,0,0,0,0,0,0,1.76342,0.16223,0.05238,2.22184,0,0,0,0.24287,0,0,0,0,0,0.00472,0,0,0.52469,0,9.34108,0,0,1.04777,0.05947,0,0,4.17006,0,0,0,0,0,2.29135,0,0,0,1.4454,0,0,0,0.19356,0,0.19799,0,0,0,0,0,0,0.01289,0,0,0,0,0.48975,0,0,0,0,0,0,0,0,0,0,0,0,0,0.07908,0,0,0.41434,0,0,0,0,0,0,1.55928,0,0,0,0,0,0,0,0,0,0,0,0,0,0,0,0.00352,0,0,0,0,0,0,0,0.26333,0,0.64299,0,0,0,0,0,0,0,0,0,0.08449,0,0,0,0,0.03188,7.48311,0,0,0.01161,0,0,0,0,0,0,0.91203,0,0,0,0,0,0.00053,0,0,0,0,0,0,0.00377,0.00141,0,0.50797,0.01421,0,0.00151,0,0,0.06163,0,0,0,0,1.20986,0.0196,0,0.02478,0,0,0,0.00578,0,0,2.56409,0,0,0,0,0,0,0.07185,0,0,0,0,0,0,0,0,0,0,0,0.18103,0,0,0.34236,0,0,0,0.00072,0.02373,0,0,0,0,0,0.12686,0,0,0,0,0.00212,0,0,0,0,0,0.22605,0,0,0,0,0,0,0,0.0307,0,0,0.0265,0,0,0,0,0,0.28615,0,0,0,2.42549,0,0,0,0,0,0.084,1.33055,0,0,0,0,4.54801,0,0,0.13748,0,0,0,0,0,0.01745,0,0,5.13188,0,0,0,0.00667,0.03958,0,0,0,3.42125,0.02265,0,0,0,0,0.49125,0.00893,0.16336,0,0.04182,0,0.00472,0,0,0,0,0,0,0,0,0,0,1.98824,0,0,0,0,0,0,0,0,0,0,0,0.02962,0,0,0,0.29689,0,0.03878,0,0,0,0,0,0,0,0,0,0,0,0,0,0,0,0,0,0,0,0,0,0,2.18302,0,0,0,0,0,0,0.08025,0,0.25716,0,0,0.01821,0,7.01525,0,0.19763,0,0,0,0,0.56469,0.13597,0,0,0,0,0.00016,0,0,27.43663,0,0.00022
100,0.0005,0,0,0.29474,0,0,0,0,0.0026,0,0,0,0,0,0,0,0.00646,1.48858,0,0,0,0,0,0,0,0,0,0,0.32797,0,0,0,0,18.18577,0,0,0,0,0,0,1.93503,0,0,0,0,0,0,0,0,0,1.21373,0,0,0,0.00656,0,0.11157,0.02235,0,0,1.85734,0,0,0.07935,0,0,0,0,0.44594,0,0,0,0,0,0,0,0,0,0.18096,3.57493,0,0,0.2428,0,0,0.00086,0,0.80115,0,0,0,0,4.12034,0,0,0,0,0,0.00019,0,0,0,0,0.00289,0,0.01169,0,0,0,0,0,0,0,0,0.00178,0,3.115,0,1.59516,0,0,0,0.00459,0,0,0,0,0.1796,0,0,0,0,0,1.07384,0,0,0,0,0,0,0,0,0.42358,0,0,0,0,0,0,0,0.01154,0.26685,0,0.01842,0,0.0141,0,0.00747,0.1131,0,4.24479,0.03758,0,0,0,0,0,0,0,0.00799,0,3.3581,0.04118,0,0,0,0,0,0.01497,0,0.03176,1.15871,0.00149,0,0,0,0,0.09145,0.0267,0,0,0,0,0.00064,0,0.09792,0,0,0.00631,0,0,0,0,0.29356,0,0,0,0.00124,0,0,0,0.0539,0,0,0,0,0,0,0,0.00649,0.00156,0,0,0,10.21265,1.60969,0,0,0,0,0.03341,0,0,0.59626,0,0.00892,0.18134,0,0,0,0,0,0.23718,0,0,0,3.43323,0,0,0,0,0,0.44886,1.83868,0,0,0,0,6.95588,0.00883,0,0.14424,0,0,0,0.29212,0,0,0,0,0,0,0,0,0,0,0,0,0,0,0.20356,0,0,0,0,1.99164,0,0,0,0,0,0,0,0.57371,0,0,0,0.00767,0,0,0,0,0,0,0,0,0,0,0,0,0,0,0,0,0,0,0,0,0.43572,0,0,0,0,0.03233,0,0,0,0,0,0,0,0,0,0,0,0,0,0,0,0,0.00742,0,0,6.10223,0,0,0,0,0,0,0.02227,0,0.47321,4.77804,0,0.04323,0,0.79389,0,0,0,0,0,0,0,0,0,0,0,0,0,0,0,7.31815,0,0
100,0,0,1.88123,0.12447,0,0,0,0,0,0,0,0,0,0,0,0,0.00179,0.64141,0,0,0,0,0.33794,0,0,0,0,0,0.00196,0,0,0.16777,0,30.87214,0,0,0,0,0,0.03521,0.17588,0,0,0,0.00105,0,0,0,0,0,2.5,0,0,0,0.12788,0,0,0,0,0,0,0,0,0.00023,0,0.00448,0,0,0.56545,0,0,0,0,0,0,0,0,0,0,0,0.05117,0,0.15758,0,0,15.26079,0,0,0,0,0,0,2.07994,0,0,0,0,0,0,0,0,0,0,0,0,0,0,0,0,0,0,0,0,0,0,0,0.3404,0,0,0,0,0,0.00349,0,0,0,0,0,0.02968,0,0,0,0,0.08809,0,0,0,0,0,0,0,0,0,0,3.24408,0,0,0,0,0,0.00131,0.00433,0,0,0,0.01278,0,0.00508,0,0,1.03856,0,0,0,0,0,0,0,0,0,0,3.64194,0.01021,0,3.3128,0,0,0,0.00469,0,0,3.01444,0,0,0,0,0,0,0.08073,0,0,0,0,0,1.47041,0.1087,0,0,0.01098,0,0.83973,0,0,0.85809,0,0,0,0,0,0,0,0,0,0,0,0,0,0,0,0,0,0,0,0,0,0.427,0,0,0,0,0,0,0,0.63461,0,0,0.00453,0,0,1.21587,0,0,0,0,5.17891,0,0,0,0,0,0,0,0.00177,1.87955,0,0,0,0,4.43088,0,0,0,0,0,0,0.00315,0,0,0,0,0.9433,0,0,0,0,0.02917,0,0,0,0.77658,0.15492,0,0,0,0,3.35825,0.02235,0,0,0.01517,0.00148,0,0,0,0,1.85187,0,0,0,0,0,0,0,0,0,0,0,0,0,0.38444,0,0,0,0,0.03372,0,0,0,0.01591,0,0,0,0,0,0,0,0.00165,0,0,0,0,0.01243,0,0,0,0,0,0,0,0,0,0,0,0.96294,0,0,0,0,0,0,0,0,0.01927,0,0,0.02371,0,0.86579,0,0,0.25477,0,0,0,3.27441,0.10955,0,0,0,0,0.00317,0,0,0,0,0
99.99999,0,0,0.66373,3.09331,0,0,0,0.00039,0.12545,0,0,0,0,0.09202,0.08456,0,0,1.8868,0.05454,0,0,0,0.09436,0,0,0,0,0,0.07411,0,0,0,0,2.58135,0,0,0,0,0,0.01538,3.2582,0,0,0,0,0,0,0,0,0,0.23427,0,0,0,0.03932,0,0.14487,0,0,0,0,0,0,0.25561,0,0,0,0,1.23866,0,0,0,0,0,0,0,0.26129,0,0.01962,0,0,0,0.1512,0,0,15.88188,0.06375,2.42421,0,0,0,0,0,0,0,0,0,0.00875,0,0,0,0,0,0.01749,0,0,0.00028,0,0.01906,0.03682,0,0,0,0,0.05875,0,0.53144,0,0,0,0,0,0.04937,0,0,0,0,0.00106,0.02261,0,0,0.00018,0,0.11412,0,0,0,0.00085,0,0,0,0,0,0,0,0,0,0,0,0,0.02834,0.00905,0,0,0,0,0,0.00271,0.00054,0,1.6453,0.05476,0,0.00059,0,0.00232,0,0.00037,0,0,0,4.64901,0.02523,0,0,0,0,0,0.04304,0,0,0.07578,0,0,0,0,0,0,0.00896,0,0,0,0,0,0,0.00318,0,0,0.06944,0.00037,0.15603,0,0,0.63477,0,0,0,0,0,0,0,0.00495,0,0,0.03241,0,0,0,0,0.03406,0,0,0,0.016,34.14395,2.13927,0,0.00444,0,0,0.02664,0,0.00311,4.19609,0,0.00216,0.02178,0,0,0.00386,0,0,0.05124,0,0.10034,0,2.08118,0,0,0,0,0,0.05099,0.49811,0,0,0,0,0.57475,0,0,0.09603,0,0,0,0.06434,0,0.00228,0,0,0.00044,0,0,0,0,0.09679,0,0,0,0.38523,0.19292,0,0,0,0,8.5027,0,0,0,0.04083,0,0,0,0.16835,0,0,0,0.00172,0.00164,0,0,0,0.17645,0,0,0,0,0,0,0,0,0,0,0,0,0,0,0,0.59142,0,0,0,0,0.00679,0,0.00011,0.00466,0,0,0,0.00019,0,0,0,0,0,0,0,0,0.07332,0,0,0,3.49345,0,0,0,0,0,0,0.03165,0,0,0,0,0.01249,0,0,0,0.70084,0,0,0,0,0.16613,0.17988,0.01456,0,0,0,0,0,0,0,0,0
100,0,0.01167,0.4133,0.12045,0,0,0,0,0,0,0,0,0,0,0,3.37756,0,0.73738,0.03559,0,0,0,0.72994,0,0,0,0,0,0.00468,0,0,0,0,0,0,0,0,1.61277,0,0,23.5916,0,0,0,0,0,0.74259,0,0,0,0.18294,0,0,0.01082,0.06819,0,0.58621,0,0,0,0,0,0,0.00352,0,0,0,0,0.74822,0,0.23876,0,0,0,0,0,0,0,0,0,0,0.23041,0,0,0,0.00159,0,0.55355,0,0,0,0,4.79448,0,0,0,0,0,0,0,0,0,0,0,0,0.03431,0,0,0,0,0,0,0,0,0.03839,0,0.43514,0,0,0,0,0,0,0,0,0,0,0,0.11137,0,0,0,0,0.0179,4.48048,0,0,0,0,0,0,0,0,0,0,0,0,0,0,0,0.0009,0,0,0,0,0,0,0,0.00723,0,0.39396,0,0,0,0,0,0.02526,0,0,0,0,0.71519,0,2.68643,0,0,0,0,0.00117,0,0,0,0,0,0,0,0,0,0.40142,0,0,0,0,0,0,0.17661,0,0,0.00116,0,0.04031,0,0,1.58142,0,0,0,0,0,0,0,0,0,0,0,0,0,0,0,0.00621,0,0,0,0,0,0.19659,0,0,0,0,0,0,0,1.17418,0,0,0.01028,0,0,0,0,0,0.52056,0,0,0,1.93852,0,0,0,0,0,0.02171,0.49373,0,0,0,0,4.909,0,0.02637,0,0,0,0,0.02492,0,0,0,0,0,0,0,0,0,0.09032,0,0,0.00718,0,0.00645,0,0,0,0,0.01565,0.00059,0,0,0.05188,0,0,0,0.00944,0,0,0,0,0,0.04289,0,0,0,0,0,0,0,0,0,0,0,0,0,0,0,0,0,0,0.22678,0,0.00816,0,0,0,0,0,0,0.06358,0,0,0,0,0,0,0,0,0,0,0,0,0,0,0,0.00166,0,0,0,0,0,0,0.00899,0,0,39.84305,0,0.03853,0,0.02263,0,0,0.00965,0,0,0,0,0.00137,0,0.19252,0,0,0.09175,0,0,0,0,0
100,0.00645,0.0067,0,0.20369,0,0,0.00075,0,0,0,0,0,0,0,0,0.00208,0.05841,0.26985,0.1807,0,0,0,0.00109,0,0,0,0,0,0.00764,0,0,0,0,0,0,0,3.07555,0,0,0,0,0,0,0,0,0,4.15934,0,0,0,0,0,0,0,0.00333,0,1.85302,0,0,0,0,0,0,0.00094,0,0,0,0,0.11663,0,0,0,0,0,0,0,0,0,0.29749,0,0,0,0,0.00346,0,4.7755,0,13.36882,0,0,0,0,2.56288,0,0.0003,0,0,0,0,0,0,0,0,0,0,0,0,0,0,0.01197,0,0,0,0,0,0,0.02677,0,0,0,0,0,0,0,0,0,0,0,0,0,0,0,0,0.00626,13.74959,0,0,0,0,0,0,0,0,0,0.01672,0,0,0,0,0,0,0.0022,0,0,0,0,0,0,0.68813,0,0.45932,0,0,0,0,0,0,0,0,0,0,0.0292,0.03721,6.27934,0,0,0,0,0,0,0,0,36.24882,0,0,0,0,0.4714,0.13326,0,0,0,0,0,0,0.13767,0,0,0.04567,0,0,0,0,0.00242,0,0,0,0,0,0,0,0,0,0,0.00335,0,0,0,0,0.00911,0,0,0,0,2.18989,0.00388,0,0,0.00715,0,0,0,0.00119,0.89451,0,0,0.00011,0,0,0.01293,0,0,0,0,0,0,4.71553,0,0,0,0,0,0.00453,0.15054,0,0.01122,0,0,0.09588,0,0.04488,0.00853,0,0,0,0.05982,0,0,0,0,0,0,0.00106,0,0,0,0,0,0,0.457,0.02915,0,0,0.00192,0,1.00909,0,0,0,0.0041,0.46682,0,0.06341,0.01914,0,0,0,0,0,0,0,0,0,0,0,0,0,0,0,0,0,0,0,0,0,0,0,0,0.022,0,0,0,0,0,0,0.00486,0,0,0,0.00905,0,0,0,0,0,0,0,0,0,0,0,0,0,0.05694,0,0,0,0,0,0,0.03892,0,0.05461,0,0.00012,0.00137,0,0,0,0,0,0,0,0,0,0,0,0.24684,0,0,0,0,0,0,0,0
100,0,0,0.68018,0.27391,0,0,0,0,0.01899,0,0,0,0,0,0,1.89227,0,0.23826,0.60792,0,0,0,0.14428,0,0,0,0,0,0.00327,0.0256,0,0,0,4.38082,0,0,0,0,0,0.00764,24.24464,0,0,0,0,0,0,0,0,0.00754,0.01798,0,0,0.03687,0.06737,0,1.64744,0.00059,0,0,0,0,0,0.10948,0,0,0,0,0.45743,0,0,0,0,0,0,0,0.13343,0,0,0,0,0,0,0,0,2.60789,0,1.1915,0,0,0,0,9.92598,0,0,0,0,0,0,0,0,0,0,0.0245,0,0,0,0,0,0,0,0,0,0,0,0,1.80376,0,0,0,0,0,0.06312,0,0,0,0,0,0.0716,0,0,0,0,0.06362,0,0,0.45472,0,0,0,0,0,0,0,0,0,0,0,0,0,0.03056,0.01424,0,0,0.00336,0.00065,0,0.00269,0.00905,0,0.20196,0,0,0,0,0,0.0743,0,0,0.00021,0,2.77215,0.08368,0,0,0,0,0,0.02191,0,0,0,0,0,0,0,0,0,0.27708,0.04219,0,0,0,0,0,0.42608,0,0,0.00919,0,0,0,0,0.30103,0,0,0,0,0,0,0,0.09252,0,0,0.00724,0,0,0,0,0.03765,0,0,0,0,10.60478,1.06044,0,0.16225,0,0,0,0,0,0.57366,0,0.00135,0.38931,0,0,0.30619,0,0,1.72622,0,0.51889,0,0,0.00493,0,0,0,0,0.1891,7.89182,0,0,0,0,5.98777,0,0.0739,0.02673,0,0,0,0.04265,0,0,0,0,0,0,0,0,0,0,0,0,0.02188,0,0.00255,0,0,0,0,5.32865,0.1284,0,0,0,0,0,0,0.24407,0,0,0,0,0,0,0,0,0.33552,0,0,0,0,0,0,0.06896,0,0,0,0,0,0,0,0,0.55995,0,0.03916,0,0,0.09676,0,0,0.00609,0,0,0,0,0,0,0,0,0,0,0,0,0,0,0,0,0.71811,0,0,0,0,0,0,0.00495,0,0,0,0.00842,0.0727,0,6.25394,0,0.60727,0,0,0,0,0.07937,0,0,0.24181,0,0,0.01115,0,0,0,0,0
99.99591,0,0,0.12048,0.00397,0.00056,0.00069,0.0482,0.00064,0,0,0,0,0,0,0,0,0,0,0.12412,0,0.02614,0,0.0062,0,0,0,0.0007,0,0.02545,0,0,2.53021,0,2.68609,0,0.00089,0,0,0,0.40077,0.0011,0,0,0,0,0,0,0,0.62887,0,0,0,0.00515,0.01883,1.62214,0,0.945,0.0245,0.00046,0,0,0.00116,0,0,0,0,0.00161,0,0,0,0,0,0,0,0,0,0,0.00468,0,0,0,0,0,0,0,13.11441,0,9.14912,0.01394,0,0,0,0,0,0,0,0,0,0.00085,0,0,0,0,0.00529,0,0.06389,0,0,0.01874,0.00153,0,0,0,0,0,0,0.30942,0,8.48242,0,0,0,0.96088,0,0,0,0,0.00127,3.61418,0,0.01607,0,0,0.49622,0,0,1.10828,0.00196,0.01087,0,0.00228,0,0,0,0,0,0,0,0,0,0.10123,0.00224,0,0,0.01442,0.04131,0,0.01563,0.13587,0,0.86617,0.03681,0,0.02018,0.00237,0,0.34513,0.00176,0.01106,0,0.01765,0.12603,0.01925,0,0,0,0,0.00909,0.05168,0,0,4.17781,0,0.01049,0,0,0,0,2.38281,0,0,0,0,0,0,0.35319,0,0.00664,0.1279,0,0.02522,0,0,0,0,0,0,0,0,0,0,0,0,0,0,0,0,0.00072,0,0.15924,0.00729,0,0,0.00974,17.92543,0.26623,0,0.03848,0,0,0,0,0,0.00573,0,0.06888,0,0,0,0,0,0,0,0,0.12485,0,0,0,0,0,0,0,3.46917,0.43834,0.01938,0,0,0,4.73392,0.14583,0,0.26249,0,0,0,1.78285,0,0,0.00765,0,0,0.05542,0,0,0.04743,0,0,0,0,0.00862,0.11727,0,0,0,0,1.11562,0.0859,0,0,0.66945,0,0,0.18661,1.36102,0.01092,0,0,0.01211,0,0,0,0,0,0,0,0,0.04039,0,0.00153,0.74336,0,0.01619,0,0,0,0,0,0,1.40847,0,1.2945,0,0,0,0.00038,0,0.77401,0,0,0,0.0526,0,0,0,0,0,0,0,0,0,0,0,0,1.02164,0,0.00802,0,0.04413,0,0,0.01494,0,1.17008,0,0.00728,0.14024,0,0.37891,0,4.22044,0,0.00335,0,0,0.00664,0,0.00551,0,0,0,0.00454,0,0,0,0,0
99.99998,0,0,0,4.12596,0.00193,0,0,0,0,0,0,0,0,0,0.08593,0,0,0,0.00631,0,0.00052,0.00336,0.65689,0,0,0.07957,0,0,0.26769,0,0,0,0,0,0,0,2.98605,0.18609,0,0,0.62166,0,3.85553,0,0,0,0,0.00146,0,0,0,0,0,0,0.01202,0,5.70218,0,0,0,0.00577,0.06311,0,0.58547,0,0,0,0,0,0,0,0,0,0,0,0,0.19704,0,1.47374,0,0,0,0,0,0,0,0,0,0,0,0,0,0,0,0,0,0,0.0114,0.00158,0,0.19769,0,0,0,0.00077,0.0002,0,0,0,0.22695,0,0,0.0348,0,0.70366,0,0.32211,0,0.76442,1.26397,0,0,0.20348,0,0,0,0,0,0,0,0,0.05711,0,0,9.34043,0,3.44753,0.00057,0,0,0,0,0,0,0,0,0,0,0,0,0.09192,0,0,0,0.00517,0,0,0,0.1236,0,0,0,0,0,0,0,0,0,0,0,0.00737,0,0,0,0,0,0,0,0,0,0,0,0,0.34187,0,0,0,0,0.20299,0,0.00535,0,0,0,0,0,0.07029,0,0.72021,0,0,0,0,0.07823,0,0,0,0,0,0,0,0.0008,0,0,0,0,0,0,0,0.50979,0,0,0,0.02164,17.16927,0.37451,0,0,0,0,0,0.0022,0.04154,11.11169,0,0,2.28917,0,0,0,0.00111,0,0,0,0,0,1.49092,0,0,0,0,0,0.03525,2.8317,0,0,0,0,0,0,0,0.04398,0,0.00092,0,0.88035,0,0,0,0,0,0,0,0,0,0.00093,0,0,0,0,0,0.00125,0,0,0,0,0,0,0,0,0,0,0,0,0,0,0,0,0,0,0,0,4.00769,0,0,0,0,0,0,0,0,0,0,0,0,0,0,0,0,0,0.00825,0,0,0.30064,0,0,0,0,0,0.05075,0.0014,0,0,0.00475,0,0,0,0,0,0,0,0,0,0,0,0,0,0.00041,0,1.63785,0.64571,0,0,0,0.00279,0,0.00123,0,0,0,0,0,0,0,0,0,0.00085,0,0,0,0,0.00511,0,17.38358,0,0
99.99696,0,0,0,0.13979,0,0,0,0.01118,0,0,0,0,0,0,0,13.99005,0,0.13293,0.25638,0,0,0,0.01115,0,0,0,0,0,0.1113,0.05565,0,1.75177,0,16.83977,0,0,0,0,0,0.08826,1.58948,0,0,0,0,0,0,0,0.56334,0,0.26974,0,0,0,0.42735,0.00344,0.23888,0.02901,0,0,0,0,0,0.00029,0,0,0.001,0,0.12489,0,0.98581,0,0,0,0,0,0,0,0.00596,0,0,0,0.31824,0,0,6.5028,0,0.6167,0,0,0,0,0.00125,0,0,0,0,0,0.00175,0,0,0,0.01658,0,0,0,0.00663,0,0.05224,0.00193,0,0,0,0,0,0,0.38215,0,2.73927,0,0,0,0.18364,0,0,0,0,0.13338,2.65786,0,0,0.00406,0,3.87257,0.00469,0,0,0.00842,0,0,0,0,0,0,0.01693,0,0,0,0,0,0.08522,0.03183,0,0,0,0.05442,0,0.01948,0.0478,0,0.68091,0.07028,0,0.02032,0.00195,0,0,0.00068,0.00121,0.02988,0.00431,1.84501,0.33143,0,0,0,0,0,0.02775,0.0703,0,0.00453,0.00031,0,0,0,0,0.17726,1.76943,0.0111,0,0,0,0,0.09009,1.29366,0,0,0.04446,0.0019,0.21011,0,0,2.54936,0,0,0.09768,0,0,0,0,0,0.00539,0.52209,0,0,0,0.00187,0,0.18537,0,0,0,0.11415,0.00509,0.52668,0,0.00911,0,0,0.02828,0,0,0.52937,0,0.03614,0.00504,0,0,0.29454,0,0,0.00498,0,0.00784,0,1.87054,0.04247,0,0,0,0,0.43834,3.29882,0,0,0,0,7.06119,0,0,0.19425,0,0,0,0.17987,0,0,0,0,3.54939,0,0,0,0.04983,0,0,0,0,0,0.16263,0,0,0,0,3.34793,0.00813,0,0,1.82283,0.00014,0,0,0,0.00387,0,0,0.01084,0,0,0,0,0.00268,0,0,0,0,0,0,0.08615,0,0,0,0,0,0,0,0.0644,1.81727,0,1.49583,0,0.00194,0.00129,0,0,0,0,0.00066,0.01637,0.00882,0,0,0,0,0,0,0,0,0,0,0,0,1.57805,0,0,0,0,0,0,0,0.0023,0,0,0.0142,0.10157,0,0.09508,0,1.86993,0.02683,0.01528,0,0,3.12231,0.63781,0,0,0,0,0,0,0,0,0,0
99.99896,0,0.00013,0.1964,0,0,0,0.00044,0.00028,0,0.04302,0,0,0,0,0,0,0,0.32523,0.00106,0,0,0,1.09028,0,0,0,0,0,0.01509,0.03931,0,0.06774,0,3.03368,0,0,0,0,0,0.02095,1.64944,0,0.20534,0,0,0,0,0,0.22297,0,0.31165,0,0,0.02626,0.92761,0.01829,0.77411,0.04175,0,0,0,0.00187,0,0,0,0.00011,0,0,0.12732,0,0,0,0,0,0,0,0,0,0,0,0,0.45266,5.1786,0,0,0.00068,0.17925,0,0,0,0,0,0.49497,0,0,0,0,0,0,0,0,0,0,0,0,0.07296,0,0,0.00513,0.09293,0.08822,0,0,0,0.03858,0,0.24606,0,2.94338,0.03675,0,0,0.45586,0,0,0.14408,0,0.00046,7.60289,0,0,0,0,5.87228,0.00271,0.01055,0,0,0,0,0,0,0,0,0.02468,0,0,0,0,0,0.06708,0.0242,0,0,0.00129,0.03861,0,0.07674,0.16522,0,1.37203,0.06189,0,0,0,0,0.1595,0,0,0,0.00534,0.47158,0,0,0,0,0,0,0.06555,0,0,0.18238,0,0,0,0,0,0,2.41894,0,0,0,0.00089,0,0,0.92562,0,0,0.00798,0.35496,0.54199,0,0,0.96258,0,0,0,0,0,0,0,0,0,0,0,0,2.69252,0,0,0.02916,0,0,0,0.02011,5.27681,0.31929,0,0,0,0.00194,0.00228,0,0.05971,5.71539,0,0.01127,0,0,0,0.04803,0,0,0,0,0.1147,0,1.87803,0.00962,0,0,0,0.15588,0.06547,0.36555,0,0,0,0.16407,18.39512,0,0,0.00943,0,0,0,0.20135,0,0,0,0,0.1059,0,0,0.00835,0.0073,0.56197,0,0,0,0,0.23838,0,0,0,0,5.51203,0.03139,0,0,0.96787,1.19131,0,0,0.29927,0,0,0,0.00274,0,0.01985,0,0,0,0,0,0,0.00681,0,0,0.06979,0,0,0,0,0,0,0,0,0.00054,0.0253,3.00843,0,0,0,0,0,0.04856,0,0,0,0.02797,0,0,0,0,0.00481,0,0,0,0,0,0,0,0.00334,0,0,0,0.00629,0,0.71284,1.1702,0.00124,1.36795,3.35082,0.00186,0,0,0.02107,0,0,0.01014,0,0,0,0,1.40603,0,0.12421,0,0,0.21102,0,0,2.94927,0,0
99.9912,0,0,1.3688,0.12184,0.00049,0,0.00024,0.00495,0,0,0,0,0,0,0,1.8586,0.0342,0,1.06425,0,0,0,0.06979,1.43699,0,0,0,0,0.00891,0.01425,0,5.4593,0,6.16455,0,0,0,0.07774,0.0034,0.1682,0.7977,0,0,0,0,0,0,0,1.18761,0,0.30454,0,0,0,0.78313,0.01524,0.02865,0,0,0,0,0,0,0.00113,0,0,0,0,0,0,0.02048,0,0,0,0,0,0.2312,0,0.15384,0.34413,0.00012,3.57739,0.00136,0,0,0.12819,0,0.15275,0,0,0,0,0.4169,0,0,0,0,0.00715,0.01448,0,0,0,0.54751,0.0268,0,0,0.00221,0,0.0195,0.00417,0,0,0,0,0.00398,0,0.65736,0,2.27474,0.00245,0,0,0,0.03522,0,0.01555,0,0,0,0,0.00057,0.00597,0,6.11799,0.02034,0.00254,0,0.00069,0,0,0,0.00106,0.36879,0,0.02483,0.00224,0,0,0,0.00479,0.02515,0.00044,0,0,0.00175,0.1323,0,0.07578,0,0,0.58374,0.20586,0,0,0.00873,0,0,0.00671,0,0,0.00568,4.26109,0.02488,0,0,0,0,0,0.26595,0,0,0.21858,0,0.02497,0,0,0,0.0016,1.47628,0,0,0,0.00344,0,1.70677,0.07997,0,0,0.11506,0.0053,0.07471,0.00117,0,14.37786,0,0,0.19136,0,0,0,0,0,0,0,0,0,1.90978,0,0.00048,0.01701,0,0,0,0.0074,1.25582,1.44707,0,0.00518,0,0.00651,0.17953,0,0,0.51847,0,0.01401,0.003,0,0,0.22847,0,0,0,0,0.14251,0,3.47835,0.01795,0,0,0,0,0.43783,0.02864,0,0.01486,0.00074,0,4.09324,0,0,0.17295,0,0,0,0.66449,0.07401,0,0,0,3.80762,1.65957,0,0,0,0.72297,0,0,0,0.09576,0.63713,0,0,0,0,0.9115,0.01467,0,0,0.95493,0,0,0,0.09582,0,0,0,0.00541,0,0.62011,0,0,0.02784,0,0,0,0.00407,0,0,0.3116,0,0,0,0,0,0,0,0.01526,0.7439,0,1.47154,0,0,0,0,0,0.03315,0,0,0,0.00256,0,0,0.00094,0,0,0,0,0,0,0,0,0,0.04281,0,0,0,0,0,0,0.03498,0,2.80829,0.9442,0,0.05657,0,6.87935,0,1.31235,0.27459,0,0,0,0.32871,0.17652,0.00155,0,0,0.00014,0,0,0,0.23957,0,0
99.97153,0.00038,0,0.39138,0.41737,0,0,0.0231,0.00422,0,0,0.00015,0,0,0,0,0,0.20098,0,0.28304,0,0,0,0.2177,0,0,0,0.00607,0,0,0,0,0,0,0.6238,0,0.00177,0,0,0.00224,0.01412,0.87221,0,0,0,0,0.00246,0,0,0.45518,0,0.47966,0,0,0,3.0613,0.01821,0.58291,0.02887,0,0,0,0,0,0.00737,0,0,0,0,0,0,0,0,0,0,0,0,0,0,0.30463,0,0.02932,0,0.15997,0,0,0.28979,0,0.01933,0,0,0,0,1.45551,0,0,0,0,0,0.01283,0,0,0,0,0.01629,0,0,0.0002,0,0,0,0,0,0,0,0,0,0.1359,0,3.25418,0,0,0,0.47198,0,0,0,0,0,0.29755,0,0,0,0,4.4352,0.00207,0,0,0.01129,0,0,0,0,0,0,0,0,0,0,0,0,0,0.01092,0,0,0,0.00977,0,0,0,0,0.00865,0.02551,0,0.00426,0.03339,0,0.23771,0.05402,0.00056,0,0,0.82956,0.15195,0,0,0,0,0.0009,0,0,0,0.5859,0.00496,0,0,0,0,0,1.3972,0,0,0,0,0,0,0.39718,0,0,0,1.54281,0.05091,0,0,0.67612,0,0,0,0,0,0,0,0.00115,0.00989,0,0,0,0,0,0,0.52925,0,0.00068,0,0.0525,0.26613,0.22196,0,0.01669,0,0,0.02779,0.07073,0,4.1762,0,0.05091,0.01275,0,0,0,0,0,0.01701,0,0.02188,0,0.70179,0,0,0,0,0,2.85426,2.87758,0,0,0,0,7.62812,0,0,1.12416,0,0,0,0,0,0,0,0,0.39731,0,0,0,0.07149,0.45171,0,0,0,2.80454,0,0,0,0,0,0.87187,0,0.29942,0,1.05504,0.01308,0.51764,0.04918,0.54744,0.0063,0,0,0.00576,0,1.70759,0,0,0,0,0,0.52571,0.00112,0,0,0.40478,0.56178,0,0,0,0,0,0,0.00626,0.00016,0,1.39532,0,0,0,0,0,0,0,0,0.00295,0,0,0,0,0,0,0.00343,0,0,0,0,0,0,0.09887,0,0,0,0,0,0,0.08099,0,0.8829,0,0.01075,0.34729,0,35.39811,0,0,0.00613,0.05387,0.00224,0,0.37607,1.23271,0.00299,0,0,0,0.04228,0.00286,0,4.45935,0,0
99.98383,0,0,0.65725,0,0,0,0.00031,0.00944,0,0,0,0,0,0,0,0,0.21376,0,0.70008,0,0,0,0,0,0,0,0,0,0.00618,0,0,1.28469,0,12.88254,0,0,0.00923,0.00703,0.00669,7.51531,0.66854,0,0,0,0,0,0.03618,0,0.84619,0,0.1989,0,0,0.00995,0.82518,0,0.1579,0.09047,0,0,0,0,0,0.01075,0,0,0,0,0,0,0,0,0,0,0.05344,0,0,0,0.00237,0.8198,0,0,0.09597,0,0,0.10539,0,0.15862,0,0,0,0,2.43094,0,0,0,0,0,0.00015,0,0,0,0.0102,0,0,0,0.0013,0,0.01,0.03968,0,0,0,0,0,0,0.51145,0,1.38887,0,0,0,0.29559,0.00638,0,0,0,0,0.34288,0,0,0,0,12.73906,0.08351,0,0,0.01991,0,0,0,0,0.49828,0,0.05287,0,0,0,0,0,0.02379,0.01426,0,0,0.01091,0.1132,0,0.00204,0.13133,0,0.07765,0.10177,0,0.11023,0.01417,0,0.32428,0.00684,0,0.01877,0.00302,1.56959,0.00364,0,0,0,0,0.00279,0,0,0.38179,0,0,0,0,0,0,0.00065,2.77494,0,0,0,0,0,0,0.26237,0,0.00809,0.00573,0.00212,0.00315,0,0,2.69858,0,0,0,0,0,0,0,0,0,0.36834,0,0,0.00737,0,0,0.01269,0,0,0,0.00111,5.02184,0.56376,0,0.0005,0,0,0.03264,0.05675,0.00686,0.25515,0,0.01919,0.01862,0,0,0.00712,0,0,0.09197,0,0.0028,0,0.24662,0.04854,0,0,0,0,2.13832,0.30322,0,0,0,0,18.96614,0,0,0.27134,0,0,0,0.01554,0.00742,0,0,0,0.02843,0,0,0,0.01819,1.31544,0,0.33619,0,1.86363,0.00603,0,0,0,0,0.27484,0.01125,2.73035,0,0.52947,0,0,0,3.62804,0.00826,0,0,0.00611,0,0,0,0,0,0.15744,0.00018,0,0,0,0,0.02065,0,0,0,0,0,0,0,0.15411,0.51478,0,0.28973,0,0,0,0,0,0.02075,0.00328,0,0,0.0087,0,0,0,0,0,0,0,0,0,0,0,0,0.01909,0,0,0,0.37757,0,0,0,0,1.02351,0,0,0.5342,0,0.00165,0,0,0.02748,0.01402,0.00033,0,0.86258,0.11603,0,0,0,0.00958,0.15129,0,0,1.98787,0,0
99.99131,0,0,0.59751,0.03075,0,0,0,0.01491,0.02541,0,0,0,0,0,0,0,0.02231,0,0.36048,0,0,0,7.80653,0,0,0,0.0003,0,0.06058,0,0,0,0,0,0.00059,0,0,0,0,0,10.45654,0,0,0.00294,0,0,0,0,0,0.0077,0,0,0,0,0.00958,0,0.39766,0,0,0,0,0,0,0.131,0,0,0,0,0,0,0,0,0,0,0,0,0,0,0,0,0,0,0,0,0,2.98684,0,1.90027,0.00187,0,0,0,0,0,0,0,0,0,0,0,0,0,0,0,0,0,0.00055,0,0,0,0,0,0,0,0,0,0.44886,0,0,0,0,0,0,0,0,0,0,0.04887,0,0,0,0,0,0.12152,0,0,2.79975,0.09822,0,0,0,0,0,0,0,0,0,0,0,0,0.04152,0.00059,0,0,0,0.01034,0,0.00246,0.00402,0,0.61102,0,0,0.01435,0.00727,0,0,0.0007,0,1.66311,0,0.06952,0,0,0,0,0,0.00166,0.04536,0,0,1.39151,0,0,0,0.00017,0,0,0.18418,0,0,0,0,0,0,1.16065,0,0,0.02076,0,0,0,0,0.10942,0,0,0,0,0,0,0,0.00422,0,0,0,0,0,0.00042,0,0.03646,0,0,0,0,6.17998,0.11965,0,0.29153,0.31125,0,0.11547,0,0,0.14698,0,0.00342,0.1007,0,0,0,0,0,3.79668,0.00117,0.87845,0,0,0.00252,0,0,0,0,0.22183,15.79184,0,0,0,0,15.30179,0.03845,0,0.05411,0,0,0,0.19308,0,0,0,0,10.70634,0,0,0.01425,0.02003,0,0,0,0.02255,2.28938,0.05835,0,0,0,0,0.90106,0.00936,0,0,0,0,0,0,0,0.00224,0,0,0.00371,0,0,0,0,0,0,0,0,0,0,0,0.04188,0,0,0,0.02036,0,0.00661,0,0.01479,0.35864,0,0,0,0,0.00702,0,0,0,0,0.0009,0,0,0,0,0,0.00023,0,0,0,0,0,0,0,0,2.92555,0,0,0,0,0,0,0.04294,0,0,0,0.01095,0.0719,0,5.15941,0,0,0.00019,0,0,0,0.04252,0,0,0,0,0,0,0,0,0,0,0
100,0,0,0.27433,0,0,0,0,0,0,0,0,0,0,0,0,0,0.03827,0,1.38171,0,0,0,1.30592,0,0,0,0,0,0,0,0,0,0,1.48896,0,0,0,0,0,0.02359,6.4875,0,0,0,0,0,0,0,0,0,0.00053,0,0,0.00378,0.08026,0,0.17809,0.00459,0,0,0,0,0,0,0,0,0,0,0,0,0,0,0,0,0,0,0,0,0,0,0,0,0,0,0,0.00087,0,0.0655,0,0,0,0,1.17917,0,0,0,0,0,0,1.2513,0,0,0,0,0,0,0,0,0,0,0,0,0.00094,0,0,0,0.07475,0,0.22313,0,0,0,0,0,0,0,0,0,0.05535,0,0,0,0,0.09831,0,0,0,0,0,0,0,0,0,0,0,0,0,0,0,0,0,0,0,0,0.00046,0,0,0,0.04503,0,0.03575,0,0,0,0,0,0.02495,0,0,0,0,0.04536,0.06136,0.1362,0,0,0.88145,0,0,0,0,0.1932,71.98753,0,0,0,0,0,0.90922,0,0,0,0,0,0,0.06949,0.08876,0,0,0,0,0,0,0.0784,0,0,0,0.17334,0,0,0,0,0,0,0,0,0,0,0,0.00281,0,0,0,0,0.75214,0.01473,0,0,0,0,0,0,0,0,0,0,0.00216,0,0,0.00153,0,0,0.09583,0,0,0,1.4631,0,0,0,0,0,0.04561,0.36413,0,0,0,0,1.80425,0,0,0.00046,0,0,0,0,0,0,0,0,0.70801,0,0,0,0,0,0,0,0,0,0,0,0,0,0,0.00148,8.00E-05,0,0,0.62497,0,0,0,0.21702,0,0,0,0,0,0,0,0,0,3.80294,0.0628,0,0,0,0,0,0,0,0,0,0,0,0,0,0.14231,0,0.04574,0,0,0,0,0,0,0.00957,0,0.00312,0,0,0,0,0,0,0,0,0,0,0,0,0,0.03342,0,0,0,0,0,0,0.00482,0,0.20637,0,0,0.06528,0,0.43648,0,0,0,0,0,0,0,0.04628,0,0,0,0,0.09522,0,0,0,0,0
100,0,0,0,0.10524,0,0,0.00247,0.01332,0,0.02694,0,0,0,0,0,0,0.24026,0.21937,0.06075,0,0,0,0,0,0,0,0,0,0,0,0,1.29402,0,0.0004,0,0,0,0,0,0,0.22068,0,0,0,0,0,0,0,0,0,0.00094,0,0,0,0.0567,0,0.17499,0,0,0,0,0,0,0.00417,0,0,0,0,0.21439,0,0,0,0,0,0,0,0,0,0,0,0,0,0,0,0,0.00074,0,0.00011,0,0,0,0,0.01423,0,0,0,0,0,0,0.10844,0,0,0,0,0,0,0,0,0,0,0,0,0,0,0,0,0.00556,0,0,0,0,0,0,0,0,0,0,0,0.16203,0,0,0.00146,0,0.02794,0,0,0,0.00499,0,0,0,0,0,0,0,0.28035,0,0.00766,0,0,0,0,0,0,0,0,0,0,0.01297,0,0.05711,0,0,0.00069,0,0,0.01557,0.00674,0,0,0,0,0,0,0,0,0,0.00287,0,0,0,0,77.55366,0,0,0,0,0,0.15687,0,0,0,0,0,0,0.00025,0,0,0,0,0,0,0,0.13381,0,0,0,0,0,0,0,0.00031,0.00821,0,0,0,0,0.00027,0,0,0,0,0,0,0.04817,0.01076,0,0,0.01032,0,0,0.0085,0,4.67413,0,0,0.01,0,0,0,0,0,0.01273,0,0,0,0.16999,0,0.00047,0,0,0,0.13491,0.0155,0,0,0,0,0.29907,0,0,0.0384,0,0,0,0,0,0,0,0,0.0063,0.0033,0,0,0,0.01446,0,0,0,0,0.04211,0,0,0,0,0.00923,0,0,0,0.05479,0.01895,2.83664,0,0.01378,0,0,0,0.00424,0,0.00555,0,0,0,0,0,0,0,0,0,0.00504,9.65193,0,0,0,0,0,0,0,0.18411,0.00471,0,0,0,0,0,0,0,0,0,0,0,0,0,0,0,0,0,0,0,0,0,0,0,0.05326,0,0,0,0,0,0.02755,0,0,0.24833,0.10847,0.00417,0,0,0.034,0,0,0,0,0,0,0,0,0.01277,0,0,0,0,0,0,0.02588,0,0
99.97119,0,0,0,0.95333,0,0.00889,0.09372,0.24568,0,0,0,0,0,0,0,0,0.81551,0.0153,0.43617,0,0,0,0.08762,0.0027,0,0,0.03949,0,0,0,0,3.79062,0,0,0,0.06892,0,0,0.00859,0,0.01718,0,0,0,0,0,0,0,0,0,0,0.01259,0.01288,0,6.21837,0,0.00932,0.0195,0,0,0,0,0,0.01209,0.00288,0,0,0,0.0033,0,0,0,0,0,0,0.00528,0,0,0.02192,0.00106,0,0,0.01711,0,0,0.00834,0,0,0,0,0,0,0,0,0,0,0,0.01584,0.00926,0,0,0,0,0.00043,0,0,0,0,0,0,0,0.02766,0,0,0,0,0,0.00329,9.43288,0,0,0,0,0,0,0,0,0,0.23449,0.01916,0.19982,0.43929,0,0.71911,0,0,0,0.23488,0,0,0.01087,0.01015,0,0,0,0,0,0,0,0,0,0,0,0,0,0,0,0,0,0,0.00456,0.00213,0,0.16181,0.26351,0,0.45705,0.06311,0.0329,0,0,0,0.32956,0,0,0,0,0,0,0,0,0,0,0.66154,0.01285,0,0,0,2.81496,0,0,0,0,0,0,0,0,0.02729,0,0,0,0,0,2.04268,0.00639,0,0,0,0,0,0,0.00123,0,0,0.07827,0.00826,0.0223,0,0,0.02273,0,0.02061,0,0,0.00527,0,0,0,0,0,0,5.35511,0,5.95973,0,0.00161,0.02457,0,1.5546,0,0,0,0.02566,0,0,0,0,0,0,0,0,0,16.67304,0,0,0,0.00025,0,2.73611,0,0.33633,0.56195,0,0,0,0,0,0,0,0.00037,7.68176,0,0,0,0.08053,2.38781,0,0,0,0.26998,0,0.01206,0,0.00196,0,0.00459,0,0,0,5.78857,0,0,0,0.1267,0.02456,0,0,0.05352,0.00173,0,0.15537,0.00018,0.16414,0,0,0,0,0,0,0,0,0,0,0,0,0,0,0,0.93442,0,3.35633,0.00227,0,0.00755,0.0297,0.00385,0,0,0,0,0,0,0,0.02913,0,0,0,0,0.0351,0.03015,0,0,0,0,0.0001,0.00444,0.01142,0.00052,0,0.00078,0,0,0.47088,0,0.18218,0.11176,0,9.26151,0,0,0,0.05186,0.0312,0,0.13753,0.41493,0.00875,3.14762,0,0,0.36705,0.00502,0.00032,0.02753,0,0
99.99862,0,0,0.17196,0.07581,0,0,0,0.00337,0,0,0,0,0,0,0,0,0,2.06882,5.709,0,0,0,5.31369,0,0,0,0,0,0.02035,0,0,2.57844,0,3.86776,0,0,0,0,0.00687,0.05617,0.72628,0,0,0,0,0,0,0,0,0,0.255,0,0,0.00083,0.4535,0,0.30989,0.00371,0,0,0,0,0,0.00077,0,0,0,0,0.93949,0,0,0,0,0,0,0,0,0,0.08089,0,0,0,0,0,0,0.00071,0.01906,1.88204,0,0,0,0,3.03112,0,0,0,0,0,0,0,0,0,0,0,0,0,0,0,0.00398,0.00773,0,0,0,0,0,0,0.16424,0,0.85688,0,0,0,0.22961,0,0,0,0,0.00991,0.09513,0,0.00837,0,0,2.21165,0,0,0,0,0,0,0,0,0,0,0,0,0,0,0.00037,0,0,0.01327,0,0,0,0,1.46995,0,0.00764,0,0.85736,0,0,0.00229,0.00545,0,0.11608,0,0,0,0,0.74035,0.00176,0,0,0,0,0,0.01232,0,0,0.26488,0.00231,0.01943,0,0,0,0,1.49858,0,0,0,0,0,0.50801,0.08222,0,0,0.00095,1.38057,0.653,0.0007,0,3.22971,0,0,0,0.00264,0,0,0,0,0,0.17794,0,0,0,0,0,0.21489,0,0,0,0,33.66286,0.23181,0,0.00334,0,0,0,0,0.00144,0.13594,0,0.0064,0.00663,0,0,0.02142,0,0,0.01107,0,0.13146,0,0.00048,0,0,0,0.0075,0,0.00348,3.92358,0,0,0,0,1.63221,0,0,0,0,0,0.00477,0.13068,0,0,0,0,2.61037,2.45388,0.00132,0.0009,0.0121,0,0,0,0,0.93612,0.08967,0,0,0,0,7.81792,0.01109,0,0.14911,0,0,0,0.00056,0.06004,0.0046,0,0,0.00318,0,0,0,0,0,0,0,0,0,0,0,0.03097,0,0,0,0,0,0,0,0,0.79143,0,0.30601,0,0,0,0,0,0,0,0,0,0,0,0,0,0,0,0,0,0,0,0,0,0,0.0454,0,0,0,0.00685,0,0.01658,0.03307,0,1.52207,0,0.00183,0.01069,0,0.49195,0,0,0,0,0,0,0.05115,0.1688,0,0,0,0,0.03019,0,0,0,0,0
100,0,0,0,0,0,0,0,0,0,0,0,0,0,0,0,0,0,0,0,0,0,0,0,0,0,0,0,0,0,0,0,0,0,0,0,0,0,0,0,0,0,81.83142,0,0,0,0,0,0,0,0,0,0,0,0,0,0,0,0,0,0,0,0,0,0,0,0,0,0,0,0,0,0,0,0,0,0,0,0,0,0,0,0,0,0,0,0,0,0,0,0,0,0,0,0,0,0,0,0,0,0,0,0,0,0,0,0,0,0,0,0,0,0,0,0,0,0,0,0,0,0,0,0,0,0,0,0,0,0,0,0,0,0,0,0,0,0,0,0,0,0,0,0,0,0,0,0,0,0,0,0,0,0,0,0,0,0,0,0,0,2.40705,0,0,0,0,0,0,0,0,0,0,0,0,0,0,0,0,0,0,0,0,0,0,0,0,0,0,0,0,0,0,0,0,0,0,0,0,0,0,0,0,0,0,0,0,0,0,0,0,0,0,0,0,0,0,0,0,0,0,0,0,0,0,0,0,0,0,0,0,0,0,0,0,0,0,0,0,0,0,0,0,0,0,0,0,0,0,0,0,0,0,0,0,0,0,0,0,0,0,0,0,0,0,0,0,0,0,0,0,0,0,0,0,0,0,0,0,0,0,0,0,0,0,0,0,0,0,0,0,0,0,0,0,0,0,0,0,0,0,0,0,0,0,0,0,0,0,0,15.76153,0,0,0,0,0,0,0,0,0,0,0,0,0,0,0,0,0,0,0,0,0,0,0,0,0,0,0,0,0,0,0,0,0,0,0,0,0,0,0,0,0,0,0,0,0,0,0,0,0,0,0,0,0,0,0,0,0,0,0,0,0,0,0,0,0,0,0,0
99.9882,0,0,1.12587,0.70946,0,0,0,0,0.00412,0,0,0,0,0,0,0,0,0.36976,0,0,0,0,0.10736,0,0,0,0,0,0.02451,0,0,0,0,11.4773,0,0,0,0,1.46813,0.40356,2.37664,0,0,0,0,0,0,0,0,0,0.83519,0,0,0.0251,0.03405,0,0.00967,0.0567,0,0,0,0,0,0,0,0,0.00119,0,0.34793,0,0,0,0,0,0,0,0,0,0,0.00619,0.5755,0,0,0,0,7.01207,0,0,0,0,0,0,1.74305,0,0,0,0,0,0,0,0,0,0,0,0,0,0,0,0,0,0,0,0,0,0,0,3.95482,0,0,0,0,0,0,0,0,0.02875,0,0,0.01044,0,0,0,0,0.12629,0,0,3.21103,0,0,0,0,0,0,0,0,0,0,0,0,0,0,0.00907,0,0,0,0.03381,0,0,0,0,1.04184,0,0,0,0,0,0.05248,0,0,0,0.00014,6.01482,0.00074,0,8.81979,0,0,0,0.02402,0,0,2.80337,0,0,0,0,0,0,0.13116,0,0,0,0,0,0.36213,0.71892,0,0,0.00252,0.23045,0.97294,0,0,0.52425,0,0,0,0,0,0,0,0,0,0,0,0,0.00202,0,0,0.02334,0,0,0,0,12.35934,0.25159,0,0.10531,0,0,0,0,0,0.70242,0,0.01137,0.00023,0,0,1.90077,0,0,0,0,1.42072,0,0.18467,0.0112,0.00022,0,0,0,0,0.13511,0,0,0,0,8.03905,0,0,0.00467,0,0,0,0,0.00742,0,0,0,0.70278,0,0,0.00283,0,0.03434,0,0,0,0,0.05052,0,0,0,0,3.83863,0.05537,0,0,0.0255,0.00836,0,0,0.16984,0,0,0,0,0,0,0,0,0,0,0,0,0,0,0,0,0,0,0,0,0.02655,0,0,0.00116,0.81794,0,1.77968,0,0,0,0,0.00176,0.02904,0,0,0,0,0,0,0,0,0,0,0,0,0,0,0,0,0.00038,0,0,0,0,0,1.06991,0,0,0.35077,0,0,0.04435,0,0.20911,0,0,0.00183,0,0,0,7.40124,0.38671,0,0,0,0,0.01935,0,0,0.01367,0,0
100,0,0,0.57163,0.10839,0,0,0.00172,0.00181,0,0,0,0,0,0,0,1.58421,0,0.16242,0,0,0,0,0,0,0,0,0,0,0,0,0,0,0,8.2977,0,0,0,0,0,0,2.57301,0,0.8172,0,0,0,0,0,0,0,0.05061,0,0,0,0.06552,0,0.57361,0.0021,0,0,0,0.02546,0,0,0,0,0,0,0.2847,0,0.29619,0,0,0,0,0,0,0,0.01103,7.44192,0.13091,0,0,0,0,2.5124,0,0,0,0,0,0,0.01882,0,0,0,0,0,0,0,0,0,0,0,0,0,0.0005,0,0.02788,0.19603,0,0,0,0,0,0,18.0201,0,2.0497,0,0,0,0.10941,0,0,0,0,0.42164,0,0,0,0,0,0,0,0,0.62426,0,0,0,0,0,1.01852,0,2.2699,0,0.00046,0,0,0,0.3356,0,0,0,0.08334,0.04276,0,0.25549,0.08618,0,0.82784,0,0,0,0,0,0,0,0,0,0.00326,0.75822,0,0,0,0.00045,0,0,0.29318,0,0.07585,0.29051,0,0,0,0,0,0,0.28133,0,0,0.05588,0,0,0,0.08837,0,0,0.15586,0.00749,1.71717,0,0,0.72861,0,0,0,0,0,0,0,0,0,0,0,0,11.71158,0,0,0.05555,0,0,0,0.01217,7.84753,1.59874,0,0.00321,0,0,0.03382,0,0.09814,0.18175,0,0.00272,0,0,0,1.05207,0,0,0,0,0,0,0.77022,0,0,0,0,0,0.13263,7.57563,0,0,0,0,3.56096,0,0,0.00527,0,0,0,0.81396,0.08786,0,0,0,0,0,0,0,0,0,0,0,0,0,0,0,0,0.0683,0,1.2179,0.02055,0,0,0,0.0259,0,0,0.13758,0,0,0,0,0,0,0,0,0,0,0,0,0.00576,0,0,0.13407,0,0,0,0,0,0,0,0,0.11812,0,0,0,0,0,0,0.06607,0.05469,0.44739,0,0,0,0,0,0,0,0,0,0,0,0,0,0.00055,0,1.98205,0,0,0,0,0,0,0.747,0,0,3.03343,0,0,0,0,0,0,0.03972,0,0,0,0,0,0,0,0,0,0,0,0,0,0,0
99.99122,0,0,0.39997,0,0,0.00556,0.00596,0.01262,0,0,0,0,0,0,0,0,0,0.04912,0,0,0,0,0.79862,0,0,0,0.00302,0,0.02164,0,0,0,0,1.95889,0,0,0,0,0,0.12919,0.45104,0,0,0,0,0.0701,0,0,0.47382,0,0.23816,0,0.0051,0,1.94074,0,0,0.2087,0,0,0,0,0,0.07982,0,0,0,0,0.04335,0,0.3724,0,0,0,0,0,0,0,0,0,0,1.92103,0,0,0,1.05015,0.1962,0.08087,0,0,0,0,14.12605,0,0,0,0,0.00451,0.00161,0,0,0,0.07853,0.04186,0,0,0,0,0.00821,0,0,0,0,0,0.00347,0.07148,0.47713,0.00045,0.74385,1.26443,0,0,0.62965,0,0,0,0,0,0.35572,0,0,0.58989,0,0.2538,0,0,0,0.01979,0,0,0,0,0,0,0.03676,0,0,0,0,0.08014,1.61754,0.01889,0,0,0.00391,0.39107,0.00078,0.00627,0,0,0.5469,0.18994,0.01505,0.00755,0.00326,0.00154,0.36613,0.00474,0,0.00569,0.00333,2.25247,0.15749,0,0,0,0,0,0.01339,0,0,2.45599,0.09668,0.00688,0.00365,0,0,0,0.78627,3.20026,0,0,0.00012,0,0,0.42386,0,0,0.05659,1.10707,0.64513,0.00407,0.24689,1.6362,0,0,0,0,0,0,0,0.05614,0.07688,1.02118,0,0,0,0,0,2.8944,0,0,0,0.05769,0.06064,0.55789,0,0.03836,0,0,0.00177,0.03096,0,3.07199,0,0.33568,0.21254,0,0,1.31712,0,0,0.01228,0,3.02393,0,1.05465,0,0,0,0,0,10.09842,0.517,0,0,0,0,0.56518,0,0,0.80151,0,0,0,0.0223,0,0,0,0,0,0.06357,0,0,0.00377,0.43266,0,0,0,0,0.0534,0.00027,0,0,0,0.29876,0.00354,0.86962,0,0.14571,0,0,0,0.13312,0.00054,0,0,0,0,1.74003,0.87628,0.00374,0.02374,0,0,0,0,0,0,3.11587,0,0,0,0,0,0,0,0.01306,3.9577,0,2.13496,0,0,0.01491,0,0,0.66584,0,0.00046,0,0.00559,0,0,0,0,0,0.04421,0,0,0,0,0,0,0,0,0.00691,0,6.91712,0,0.0152,0,0,1.22795,0,0,0.15111,0,0.20459,0,0,0.08708,0.01467,0,0,0.09891,5.18399,0,0,0,0,0.0651,0.00366,0,0.00607,0,0
100,0.01049,0,0.12687,0.50575,0,0,0,0,0,0,0,0,0,0,0,0,0.13588,0.35501,0.00018,0,0,0,0,0,0,0,0,0,0.07405,0,0,0,0,0.65268,0,0,0,0,0,0,30.18194,0,0,0,0,0.00047,0,0,0,0,0.05589,0,0,0,0.26765,0,5.24311,0,0,0,0,0,0,0.09837,0,0,0,0,0.94795,0,0,0,0,0,0,0,0,0,0.24442,0,0.00548,0,0.06265,0,0,0,0,2.31518,0,0,0,0,1.7148,0,0,0,0,0,0,0,0,0,0,0,0,0,0,0,0.00763,0,0,0,0,0,0.01858,0,1.79943,0,0.6394,0,0,0,0.05199,0,0,0,0,0,0.14576,0,0,0,0,0.16439,0,0,2.142,0,0,0,0,0,0,0,0.00255,0,0,0,0,0,0.05311,0,0,0,0,0.02887,0,0.00114,0,0,0.77483,0,0,0,0,0,0.03524,0,0,0,0,0.24246,0.00571,0,0,0,0,0,0,0,0,0.02251,0.01335,0,0,0,0,0,0.48294,0,0,0,0,0,0,0.1515,0,0,0.01498,0,0,0,0,0.94541,0,0,0,0,0,0,0,0,0.00145,0.65208,0,0,0,0,0,0.05229,0.00964,0,0,0.02366,0,0.42419,0,0,0,0,0,0.08886,0,8.58822,0,0.02305,0.07045,0,0,0.03269,0,0,0.47915,0,0.00096,0,0,0.00773,0,0,0,0,0.17314,3.84791,0,0,0,0,2.2914,0,0,0.00488,0,0,0,0.0341,0,0,0,0,0,0,0,0,0.00663,0.10208,0,0,0,3.00614,0.12099,0,0,0,0,0.35616,0.00012,0,0,0.11598,0.02153,0,0,1.49139,0,0,0,0,0,0.0167,0,0,0.35239,13.37422,0.8414,0,0,0,0,0,0,0,0,0,0,0,0,0,1.29694,0,0.06908,0,0,0,0,0,0.00144,0,0,0.00363,0.01416,0,0,0,0,0,0,0,0,0,0,0,0,0.16259,0,0,0,0,0,0.00243,0.23795,0,1.18306,7.96111,0,0.03871,0,1.66107,0,0,0,0,0,0,0,0,0,0,0,0,0.01368,0,0,0,0,0
99.99225,0,0,0.44195,1.97064,0,0,0.00029,0,0,0.1246,0,0,0,0,0,0.14502,0,0,0.00979,0,0,0,0.00505,0,0,0,0,0,0.00468,0,0,0,0,6.61352,0,0,0,0,1.14469,0.00081,0.02698,0,0,0,0.03498,0,0,0,1.13735,0,0.35943,0,0,0,0.20213,0,0,0.00014,0,0,0,0,0,0,0,0.00328,0,0,0,0.00154,0.00013,0,0,0,0,0,0.00276,0,1.59932,0,0,0.4034,0,0,0,0.00341,0.95766,15.86606,0,0,0,0,0.07321,0,0,0,0,0,0,0,0,0,0.06393,0,0,0.02836,0,0,0.01539,0,0,0,0,0,0,0,0.02821,0,0,0.00673,0,0,0,0,0,0.01505,0,0,0.00319,0,0,0.00128,0,0.00201,0,0,0,0,0,0,0,0,0,0.13157,0.03915,0,0,0,0,0,1.22479,0.00059,0,0,0,0.00208,0,0,0,0,0.93984,0.03434,0.05345,0,0,0,0.02142,0.00318,0,0,0.00069,7.24756,0,0.13758,0.02867,0,0,0,0.15149,0,0,3.74773,0,0,0,0,0,0,0.22309,0.41454,0,0,0.00015,0,0,0,0,0,0.00879,0,0.00613,0,0,6.49059,0,0,0,0,0,0,0,0,0,0,0,0,0.03376,0,0,0.02911,0,0,0.00096,0,0.2944,0.40975,0,0.0038,0,0,0,0,0,5.20849,0,0.00264,0,0,0,0.34635,0,0,0,0,0.03109,0,0.63773,0,0,0,0,0,0,0.01048,0,0,0,0,0.32097,0,0,0.01788,0,0,0,0.05846,0,0,0,0,1.45941,0.03523,0,0.01056,0,0.029,0,0,0,0.0023,0.00714,0,0,0,0,0.03887,0,0.22077,0,0.00947,0,0,0,4.07729,0,0,0.00531,0,0,0.03124,0,0,0,0,0,0,0,0,0,0.80986,0,0.00641,0.29915,0,0.00506,0,0,0,31.61264,0.01116,0.07946,0,0,0,0,0,0.00457,0,0.0041,0,0,0,0,0,0,0,0,0,0,0,0,0,0,0.16146,0,0,0,0,0,0.00957,0,0,1.32692,0,0,0,0,0.02116,0,0,0.05648,0,0,0,0,0.0151,0,0,0.00245,0,0,0,0,0.02985,0,0
99.99998,0,0,0.20839,0.07061,0,0,0,0,0,0,0,0,0,0,0,0,0.04883,0.23293,0,0,0,0,0,0,0,0,0,0,0.00017,0,0,0,0,0,0,0,0,0,0,0.06378,1.28544,0,0,0,0,0,0,0,0,0,0.00643,0,0,0.00382,0.0535,0,0.05616,0,0,0,0,0,0,0.02262,0,0,0,0,0.08958,0,0,0,0,0,0,0,0,0,0.00845,0,0,0,1.91256,0,0,3.73521,0,0,0,0,0,0,3.12614,0,0,0,0,0,0,0.05023,0,0,0,0,0,0.06213,0,0,0.0031,0,0,0,0,0,0,0,1.25216,0,0.88085,0,0,0,0,0,0,0,0,0,0.0794,0,0,0,0,0.07438,0,0,0.46863,0,0,0,0,0,0,0,0,0,0,0,0,0,0,0,0,0,0.00233,0,0,0,0.0318,0,0.81476,0,0,0,0,0,0,0,0,0,0,0.6415,0.00376,0,0,0,0,0,0.00153,0,0,0,0.00233,0,0,0.0068,0,0,0.1966,0,0,0,0,0,0,0,0,0,0.00141,0,0,0,0,0.06971,0,0,0,0.01018,0,0,0,0.0126,0,0,0,0,0,0,0,0.00401,0,0,0,0.00716,5.61394,0.07751,0,0.00121,0,0,0,0,0,0.46663,0,0,0.2874,0,0,0,0,0,0.78036,0,0,0,0.89635,0,0,0,0,0,0.07644,4.35686,0,0,0,0,7.85928,0,0,0,0,0,0,0.02578,0,0,0,0,0,0,0,0,0,0.14177,0,0,0.01891,0.00336,0.07597,0,0,0,0,1.1579,0,0,0,0.13626,0,0,0,0,0,20.43429,0,0.00058,0,0,0,0,0,3.67453,0.10932,0,0,0,0,0,0,0,0,0,0,0,0,0,0,0,0.05835,0,0,0.05075,0,0,0,0,0,0,0,0,0,0,0,0,0,0,0,0,0,0,0,0.49754,0,0,0,0,0,0.56843,0.01494,0,0.25498,20.84609,0,0.03937,0,2.79425,0,0,0,0,0,0,0,0,0,0,0,0,0.06251,0,0,13.01614,0,0
99.99999,0,0,0,7.64194,0,0,0.00415,0,0,0,0,0,0,0,0.01003,0.45088,0.01641,0,0,0,0.00248,0,0.26047,0,0,0,0,0,0,0,0,0,0,9.10126,0,0,0,0,0,0,4.61726,0,1.52557,0,0,0.00647,0,0,0,0,0.21965,0,0,0,0.01227,0,4.2152,0,0,0,0.00013,0.00387,0,0.21654,0,0,0,0,0,0,0.00691,0,0,0,0,0,0,0,0,0,0,0,1.79514,0,0,11.62913,0,0.01916,0,0,0,0,3.30681,0,0,0,0,0,0,0,0,0,0,0,0,0,0,0,0,0.05271,0,0,0,0,0.13596,0,0.01427,0,0.33218,0,0,0,0,0,0,0,0,0.10347,0.05874,0,0,0,0,0.00729,0,0,1.70872,0.03233,0,0,0,0,0,0,0,0,0,0,0,0,0.10489,0.04254,0,0,0,0,0,0.09436,0.6196,0,10.33967,0.1156,0,0.00197,0,0,0,0,0,0,0,0.78658,0,0,0,0,0,0,0,0,0,0.41361,0,0,0,0,0,0.0129,6.144,0,0,0,0,0,0,0,0,0,0,0,0,0,0,0.64094,0,0,0,0,0,0,0,0.08701,0.01936,1.57648,0,0,0,0,0,0.08628,0,0,0,0,0,0,0,0.06551,0,0,0,0,0.03107,15.31187,0,0.00663,2.55676,0,0,0,0,0,1.37215,0,0,0,0.43871,0,0,0,0,0,0.09396,1.22178,0,0,0,0,0.4687,0,0,0.27208,0,0,0,0.34273,0,0,0,0,0,0,0,0,0.00199,0,0,0,0.00249,0,0.33782,0,0,0,0,6.50214,0.00036,0,0,0.30494,0,0,0,0,0,0,0,0.00066,0,0,0,0,0,0,0,0,0.00323,0,0,0,0,0,0,0,0,0,0,0,0,0,0,0,0,0.01684,0,0,0,0,0,0,0,0,0,0,0,0,0,0,0,0,0,0,0,0,0,0,0,0,0,0,0.23818,0,0,0,0,0.0684,0,0.05571,0,0,0,0,0,0,1.6797,0,0,0,0,0,0.01239,0,0,0,0,0
99.92408,0.00012,0,0,0.21532,0,0,0,0,0,0,0,0,0,0,0,0,0,0,0,0,0,0,0,0,0,0,0,0,0.03162,0,0,0,0,0,0,0,0,0,0,0,0.00188,0,0,0,0,0,0,0,0,0,0.13212,0,0,0.00052,0.00478,0,0.18989,0,0,0,0,0,0,0,0,0,0,0,0,0,0,0,0,0,0,0,0,0,0,0,0,0,0,0,0,42.87197,0,0.76637,0.70408,0,0,0,0,0,0,0,0,0,0,0,0,0,0,0,0,0,0,0,0.00204,0.01088,0,0,0,0,0,0,2.27873,0,0,0,0,0,0,0,0,0,0,0,0,0,0,0,0,0.13163,0,0,0,0,0,0,0,0,0,0,0,0,0,0,0,0,0.00145,0,0,0,0,0.00149,0,0,0.03492,0,2.509,0.00287,0,0,0,0,0,0,0,0,0,2.62165,0.00755,0,0,0,0,0,0.00157,0,0,0,0,0,0,0,0,0,0.04954,0,0,0,0,0,0,0.00728,0,0,0.00021,0,0,0,0,0.07776,0,0,0,0,0,0,0,0,0,0,0,0,0,0,0,0.00875,0,0,0,0,31.90656,0.19983,0,0,0,0,0.00298,0,0,0.39821,0,0,0.00033,0.00221,0,0,0,0,0,0,0.24491,0,0,0,0,0,0,0,0,3.94778,0,0,0,0,0.34568,0,0.01088,0,0,0,0,0.0227,0,0,0,0,0.26821,0,0,0,0,0,0,0,0,0,0.18407,0,0,0,0,3.94466,0.17376,0,0,0,0,0.01043,0,0.33013,0,0,0,0,0,0.12034,0,0,0,0.03073,0,0,0,0,0,0.44017,0,0,0,0,0,0,0,0,0.10438,0,0,0,0,0,0,0,0.00492,0,0,0.0003,0,0,0,0,0,0,0,0,0,0,0,0,0,4.44507,0,0,0,0,0,0,0.00258,0,0,0,0,0.02316,0.02059,0,0,0,0,0,0,0,0,0,0,0.07175,0,0,0,0,0,0.00077,0,0
99.99948,0,0,0,0.05932,0,0,0.03105,0.00878,0,0,0,0,0,0,0,0.01147,0.02956,0,0.3028,0,0,0,0.23692,0,0,0,0.00111,0,0,0,0,0,0,0.00509,0.01864,0.00331,2.02228,0,0,0,0.42104,0,0,0.00076,0,0,8.37657,0,0,0,0,0.0043,0.00557,0,0.58032,0,1.21462,0,0,0,0,0,0,0.0006,0,0,0,0,0,0.00918,0.00178,0,0,0,0,0,0,0,0,0.05949,0,0,0.06554,0,0,0.03017,0,0.00574,0,0.00187,0,0,0.02352,0,0,0,0,0,0,3.20858,0,0,0,0,0,0.05356,0,0,0,0,0,0,0,0,0,0,0.01361,0,0.99382,0,0,0,0,2.32005,0,0,0,0,0.96874,0,0.02306,0,0,0.05217,24.54166,0,0,0.17255,0,0,0.00074,0.00471,0.03109,0,0,0,0,0,0,0,0,0,0,0,0,0,0,0,1.65526,0,0,0,0,0.00623,0.04484,0,0.54778,0.00784,0.00152,0,0,0.00092,0.01702,2.28906,0,0,0,0.00085,0,0,0,0,12.02147,0,0.00079,0,0,0,2.63285,0,0,0,0,0,0,0.00442,0,0.00151,0,0,0,0,0,1.63377,0,0,0,0,0,0,0,0,0,0,0.00287,0,0.97149,0,0,0,0,0,0,0,0,0,0,0.00522,0,0,0,0,0,0.03583,0,0,0.06153,0.00309,0,0,0,0,0.04093,0,0,0,0.12613,0,0,0,0.05,0,0.08826,0.02087,0,0,0,0,5.41675,0,0,0,0,0,0,0,0,0,0,0,0.04114,0,0,0,0.03355,1.47468,0,0,0,0.1382,0,0,0.00242,0,0,0.0381,0,2.86062,0,1.04816,0.00136,13.09664,0,0.02747,0.00298,0,0,0.00925,0.01457,0,0,0,0,0,0,0,0,0,0,0,0,0,0,0,0,0,0,0,0.01247,0,1.07401,0.01895,0,0.00129,0,0,0,0,0.00101,0,0,0,0.00611,0.02225,0,0,0,0,0.00044,0.00278,0,0,0,0.0211,0,0.00261,0,0,0,0.18286,0,0,1.5538,0,0.02101,0.53552,0,1.31205,0,0,0,0.00402,0.00463,0,0.00206,0,0.01694,0,0,0,0.06503,0,0,2.74456,0,0
99.99997,0,0,3.0617,0,0,0,0,0,0,0,0,0,0,0,0,0,0.05936,0.00097,0.96197,0,0,0,0.20228,0,0,0,0,0,0.07561,0,0,0,0,1.03623,0,0,0.43217,0.03016,0.05172,0.01662,0.92609,0,0,0,0,0,0.53654,0,0.24082,0,0,0,0,0.00345,0.20595,0,0.23168,0.00131,0,0,0,0,0,0.00381,0,0,0,0,0.00299,0,0,0,0,0,0,0,0,0,0.0672,2.16475,0.07323,1.06089,0.16213,0,0,0.78631,0.00328,0.08826,0,0,0,0,0.79541,0,0,0,0,0,0,1.17929,0,0,0.10377,0,0,0,0,0,0.00077,0.04452,0,0,0,0,0.00166,0,0.96052,0,2.04738,0,0,0,0.04764,4.47479,0,0,0,0,0.12695,0,0,0,0,0.30485,2.19182,0,0.16814,0,0,0,0,0,0.64219,0,2.00465,0,0,0,0,0.00569,0.00375,0.0073,0,0,0.00437,0.01007,0,0,0.00741,0,2.34666,0.01931,0,0,0,0,0.05407,0,0,0,0,1.76334,0.00197,0,1.25965,0,0,0,0.01437,0,0,0.23398,0,0,0,0,0,0,0.79934,0,0,0,0.00119,0,0,0.54558,0,0,0.01243,0.0092,4.31209,0,0,1.44153,0,0,0,0,0,0,0,0,0,0,0,0,0,0,0,0.14865,0,0,0,0,6.48941,1.5869,0,0.09557,0,0,0,0,0.00729,0.12028,0,0.02695,0.00408,0,0,0.52917,0,0,0.02912,0,6.6894,0,2.17604,0.06081,0,0,0,0,0,3.40692,0,0,0,0.01782,4.77397,0.01198,0,0,0,0,0,0.08134,0.17817,0,0,0,4.72365,0.09421,0,0,0,0.04686,0,0,0,2.71626,0.28879,0,0,0,0,1.5281,0.00706,0,0,0.27374,0.01549,2.94908,0,0.10086,0,0,0,0,0,6.57748,0,0,0.02749,0,0,0,0,0,0,1.97675,0,0.00309,0,0,0,0,0,0,1.5658,0.01837,0.62512,0,0,0,0,0,0.01043,0,0,0,0.00144,0,0,0,0,0,0,0,0,0,0,0,0,1.40209,0,0,0,0,0,0,0.0281,0,1.96702,0,0,0.0266,0,5.56012,0,0,0.07542,0,0,0,0.22618,0.04339,0,0.06045,0,0,0.19153,0,0,0,0,0
100,0.00049,0,0.09857,0.13218,0,0,0.00361,0.00087,0,0,0,0,0,0,0,0,0.01677,1.11621,0.0433,0,0,0,0,0,0.27606,0,0,0,0,0,0,0,0,14.6916,0,0,0.49047,0.26821,0,0,3.37784,0,0,0,0,0,1.8634,0,0,0,0.06957,0,0,0,0.01972,0,0.39064,0,0,0,1.24705,0,0,0.03761,0,0,0.00292,0,1.69248,0,0,0,0,0,0,0,0,0,0,0,0,0.10543,0,0,0,5.17276,0.04007,0.03253,0,0,0,0,0.3275,0,0,0,0,0,0.00039,0,0,0,0,0,0,0,0,0,0.02832,0,0,0,0,0,0.00299,0,0.02442,0,0,0,0,0,0,0.00623,0,0,0,0.05405,0,0,0,0,0,0,7.92033,0.01375,0.67262,0,0,0,0,0,0,0,0.08026,0,0,0,0,0,0.00301,0.02139,0,0,0,0,0,0.00387,0.05919,0,8.37743,0.05117,0,0.00272,0,0,0,0.00392,0,0,0,0.482,0.00044,0,0,0,0,0,0,0,0,0.02489,0,0,0,0,0,0,0.16655,0,0,0,0,0,0.17847,0.70761,0.00785,0,0.0012,0.00463,0,0,0,0.25535,0,0,0,0,0,0,0,0.02912,0,0.28433,0,0,4.18653,0,0,0.15983,0,0,0,0,14.42229,0.25898,0,0.02103,0,0,0,0,0,0.21296,0,0.0053,0.0774,0,0,0,0,0,0.10025,0,0,0,2.44966,0,0.00065,0,0,0,0.08904,1.73179,0,0,0,0,0.5598,0.38162,0,0.10781,0,0,0,0.16705,0,0,0,0,0,0,0,0,0,0,0,0,0,0,0.46638,0,0,0,0,8.82467,0,0,0,0.0359,0.34861,0,0,0.12441,0,0,0,0.00956,0,0.01288,0,0,5.60219,0,0,0,0,0,0,0.02606,0,0.02075,0,0,0,0,0.01347,0.00344,0,0,0,0,0,0.02594,0,0,0.00056,0,0,0.006,0,0,0,0,0,0,0,0,0,0,0,0,0,0.00312,0,0,0,0,0,0.03167,0,0,0,0,0.00287,0.00377,0,8.28392,0,0.12081,0.10214,0,0,0,0,0.00906,0,0,0,0,0.00348,0,0,0,0,0
100.0001,0,0,1.65762,0.23268,0,0,0,0,0,0,0,0,0,0,0,0.00857,0,0.00502,0.38685,0,0,0,0.10742,0,0,0,0,0,0.00282,0,0,0,0,2.9627,0,0,0,0,2.1415,0.02001,0.44408,0,0,0,0,0,0,0,0.16985,0,1.34455,0,0,0.00943,0.19944,0,0.00597,0.01668,0,0,0,0.00039,0,0,0,0,0,0,0.00191,0,0,0,0,0,0,0,0,0,0,0,0,2.50094,0.06062,0,0,0,0,0,0,0,0,0,0.13775,0,0,0,0,0,0,0.12433,0,0,0.00377,0,0,0,0,0,0,0,0,0,0,0,0,0,0.29225,0,0.1671,0,0,0,0,2.36987,0,0,0,0,0.05201,0,0,0,0,0.05274,0,0,0,0,0,0,0,0,0,0,0,0,0,0,0,0,0.00104,0.06725,0,0,0.00676,0.00201,0,0,0.00188,0,0.70874,0.01367,0,0,0,0,0.04887,0,0,0,0,7.45767,0.00121,0,0.0024,0,7.44752,0,0.00808,0,0,0.00328,33.21184,0,0,0,0.03518,0,0.26639,0,0,0,0,0,0,0.04192,0,0,0.00177,0,0.09188,0,0,0.5216,0,0,0,0,0,0,0,0,0,0,0,0,0.63672,0,0,0.00184,0,0,0,0,0.3494,0.14503,0,0,0,0,0,0,0,0.28026,0,0,0.00016,0,0,0,0,0,0.05951,0,0.41086,0,1.32488,0,0,0,0,0,0.00658,0.04948,0,0,0,0,8.62195,0,0,0,0,0,0,0.00038,0,0,0,0,0,0.0257,0,0,0,0.15458,4.03175,0,0,0,0.04412,0,0,0,0,0.15703,0.01317,0,0,0.08657,0,0,0,0,0,0.01737,0,0,0,1.78181,0,0,0,0,0,0,0,0,0,0.0021,13.73853,0,0,0,0,0,0,0,0,0,0,0,0,0,0,0,0,0.19533,0,0,0,0,0,0,0,0,0,0,0,0,0,0,0,0,0,0,0,0,0,0.37906,0,0,1.06296,0.13379,0,0.02258,0,0,0,0,0.08928,0,0,0,0.51703,0.2067,0,0,0,0,0.02047,0,0,0.01325,0,0
100,0,0,0.23066,0.18328,0,0,0,0.00115,0,0,0,0,0,0,0,0,0.02306,0.1488,0.32977,0,0,0,0.12913,0,0,0,0,0,0,0,0,2.80344,0,11.48439,0,0,0,0.01634,0,0,0.49133,0,0,0,0,0,0.01181,0.18583,0,0,0.37034,0,0,0.01538,0.08808,0,0,0.00872,0,0,0,0,0,0,0,0,0,0,0.20209,0,0,0,0,0,0,0,0,0,0,0,0.00837,0.16429,0.00072,0,0,0.05863,0.0241,0.00569,0,0,0,0,0,0,0,0,0,0,0,0.24962,0,0,0.00648,0,0,0,0,0,0,0,0,0,0,0,0,0,0.22136,0,0.25909,0,0,0,0,0,0,0,0,0,0.10122,0,0,0,0,0.15062,0.04124,0,0,0,0,0,0,0,0,0,0.03226,0,0,0,0,0,0,0.00183,0,0,0,0,0,0,0,0,1.79361,0,0,0,0,0,0.02846,0,0,0,0,1.75205,0,0,0.03383,0,0,0,0,0,0,0.58655,0,0.00304,0,0,0,0,0.01857,0,0,0,0,0,0,0.03933,0,0,0,0,0.04634,0,0,1.76489,0,0,0,0,0,0,0,0,0,0,0,0,0.16952,0,0,0,0,0,0,0,4.17544,0.20403,0,0,0,0,0,0,0,0.15999,0,0,0,0,0,0.00386,0,0,0,0,0.61848,0,0.38286,0,0,0,0,0,0.04367,0.09834,0,0,0,0,4.81913,0,0,0.02878,0,0,0,0,0,0,0,0,0.05907,0,0,0,0,0.09767,0,0,0,1.02715,0.04266,0,0,0,0,1.88136,0.00958,0,0,0.03856,0.0047,50.60311,0,0,0,0,0,0.00154,0,2.41626,0,0,0,0,0,0,0,0,0,0.39126,4.91613,0,0,0,0.00366,0,0,0,0,0,0,0,0,0,0,0,0,0,0,0,0,0,0,0,0,0,0,0,0,0,0,0,0,0.11849,0,0,0,0,0,0.04547,0,0,0.24277,0,0.00038,0.02686,0,2.30387,0,0,0.00107,0,0,0,0.89072,0.05136,0,0,0,0,0.00642,0,0,0,0,0
100,0,0,2.16549,0.3365,0,0,0,0,0,0,0,0,0,0,0,0,0,0.34203,1.97278,0,0,0,0.07677,0,0,0,0,0,0.02723,0,0,0.14974,0,4.11592,0,0,0,0,0,0.04907,2.8544,0,0,0,0,0,0,0,0.17205,0,0.37436,0,0,0.00276,0.0297,0,0,0.00849,0,0,0,0,0,0,0,0.11075,0,0,0.33178,0,0.94289,0,0,0,0,0,0,0,0,1.10614,0,0,0,0,0,0.0224,0.07042,1.1857,0,0,0,0,2.49934,0,0,0,0,0,0,0,0,0,0.09539,0,0,0,0,0,0.00585,0,0,0,0,0,0.00951,0,0.39663,0,0.21769,0,0,0,0.00632,0,0,0,0,0,0.02434,0,0,0,0,0.13382,0,0,0.46485,0,0,0,0,0,0.42741,0,0,0,0,0,0,0,0.00467,0.01795,0,0,0,0.01988,0,0.00638,0,0,0.68554,0.03985,0,0,0,0,0,0,0,0.06644,0.00552,1.37785,0.00191,0,5.47198,0,0,0,0.02243,0,0.00797,0.30124,0,0,0,0,0,0,0.31002,0,0,0.00289,0.00219,0,0.20838,0.18777,0,0,0.00066,0,0.13677,0,0,0.7963,0,0,0,0,0,0,0,0,0,0.14579,0,0,0,0,0,0.01071,0,0,0,0,0.01151,0.37845,0,0.01808,0,0,0.00035,0,0,0.46582,0,0.0005,0.00875,0,0,0.13959,0,0,0.01914,0,0.9602,0,1.12382,0,0,0,0,0,0.00214,0.51479,0,0,0,0,5.57884,0,0,0,0,0,0,0.01652,0.06846,0,0,0,0.61423,0,0,0,0,0.03421,0,0,0,0.52149,0.0513,0,0,0.02507,0,2.31903,0.09783,0.3343,0,0.04726,0.02357,42.7865,0,0.03087,0,0,0,0,0,0.40492,0,0,0.01793,0,0,0,0,0,0,0.21572,0,0,0,0,0,0,0,0,0.13132,0,0,0,0,0.00782,0,0.03835,0,0,0,0,0,0,0,0,0,0,0,0,0,0,0,0,0,0.41254,0,0,0,0,0,0,0,0,1.29787,0,0,0.00774,0,1.94818,0,0,0.01255,0,0,0,0.50264,0.10525,0,0,0,0,0,0,0,8.14495,0,0
99.99884,0,0,0.11251,0.2079,0,0.00066,0,0.00083,0,0,0,0,0,0,0,36.78467,0,0.01859,0.04624,0,0,0,0,0,0,0,0,0,0,0,0,0,0,0.00697,0,0,0,0,18.70619,0.52804,0.1742,0,0,0,0,0,0,0,0,0,0.0774,0,0,0,0.14742,0,0.00204,0,0,0,0,0,0,0,0,0,0,0,0.0257,0,1.09508,0,0,9.00E-05,0,0,0.00945,0,0.07292,0.42661,0,0.64588,0,0,0,0,0,1.15454,0,0,0,0,0.40844,0,0,0,0,0.02528,0,0,0,0,0.01001,0,0,0,0,0,0,0,0,0,0,0,0,0,0.19952,0,1.73588,0,0,0,0,0,0,0,0,0,0.07574,0,0,0,0,1.14732,0,0,0,0,0,0,0,0,0.14508,0,0,0,0.00287,0,0,0.0004,0.00502,0,0,0,0.00076,0.04858,0,0,0,0,0.12421,0,0,0,0,0,0.12787,0.00769,0,0,0,0.50518,0.0067,0,0,0,0,0.00246,0,0,0,6.79312,0,0,0,0,0,0,0.34298,0,0,0,0,0,0,0.00392,0,0,0.00209,0,0,0,0,3.04265,0.00356,0,0.11095,0,0,0.00205,0,0,0,0,0,0,0,0,0,0.53643,0.04106,0,0,0.00325,0.00034,0.10853,0,0,0,0,0.01638,0,0,0.3682,0,0.02752,0,0,0,0.02052,0,0,0,0,0,0,0.71079,0,0,0,0,0,0.02688,2.78417,0,0,0,0,0.60349,0,0,0,0,0,0,0.00244,0.03034,0,0,0,0,0,0,0.00589,0.00383,0.08125,0,0,0,0,0.00495,0,0,0,0,2.39236,0.00281,0,0,0.54572,0.00081,0,0,0,0,0,0,0,0,0,0,0,0,0,0,0,0,0,0,1.13536,0,0,0.05824,0,0.02474,0,0,0,4.97257,0,0.00341,0,0,0,0,0,0.00227,0,0,0,0.00295,0,0,0,0,0,0,0,0,0,0,0,0,0.45756,0,0,0,0.01839,0,0.10771,0,0,3.10504,0,0,0.03188,0,4.57523,0,0,0,0,0,0,0.19823,0,0,1.53262,0,0,0.33042,0,0,0,0,0
99.9881,0,0,0,0.06805,0,0,0.00199,0.08049,0,0,0,0,0,0,0,1.88319,0,0.16601,0.04912,0,0,0,0,0.00208,0,0,0,0,0.01401,0,0,0,0,1.18806,0,0.00894,3.31283,0.2113,0,0,0.46282,0,0,0,0,0,0.01189,0,0,0,0.00147,0,0.0074,0,0.23005,0.0034,2.10652,0.04039,0,0.00596,0,0.02121,0,0.0369,0,0,0.02097,0,0.16655,0,0.00727,0,0,0,0,0,0,0,0,0.05993,0,0,0,0,0,0,0,0,0,0,0.01214,0,0.00053,0,0,0.00234,0,0,0.00447,0,0,0.00248,0,0,0,0,0,0,0,0.03078,0,0,0,0,0,0,0.017,0,0.49056,0,0.00884,0,0.17233,0,0,0,0,0.00304,0.29279,0,0.00085,0.004,0,0,9.00354,0,0,0.108,0.00358,0,0,0.00047,0.07568,0,0,0,0,0,0,0,0,0.00354,0,0,0.0104,0.05749,0,0,0.9271,0,0.02302,0.06014,0,0.02962,0.05159,0,0,0.00404,0.02253,0.00809,0.00376,0.11297,0,0,0,0,0,0.02748,0,0,0,0,0,0.05336,0,0,0,0,1.96458,0.34809,0,0,0,0.0002,0,0.00592,0,0.00235,0.00557,0.00183,0,0,0,1.0985,0,0,0,0,0,0,0,0,0,0,0,0,0.71849,0,0,0.30628,0,0,0.00233,0.02803,0.96837,0.5305,0,0,0,0,0.01844,0.74003,0.08441,0.55215,0,0.08113,0.0058,0,0,0,0,0,1.93761,0,0,0,0.10249,0,0.00104,0,0,0,3.1634,0.15366,0,0,0,0,9.92444,0,0,0.5535,0.0061,0,0,0.00121,0.00916,0.01271,0,0,35.32901,0,0,0,0.03669,0,0,0,0,1.5545,0.0009,0,0.00262,0,0,0.29636,0,0,0,5.94634,0.01841,0,0,0.78001,0.02896,0,0,0.02043,0.0022,0,0,0,0,0,0,0,0.00295,0,0,0,0,0.04132,0,0,0,0,0,0.07956,0.34329,0,0.26356,0.01032,0,0.01582,0.02016,0,0,0,0,0,0.00561,0,0,0.00555,0,0,0,0,0.00053,0,0,0,0,0.04662,0,0,0,0.00618,0,0,0,0,0.97498,1.86118,0.10253,0,0,0,0,3.07918,0,0.01148,0,0,0,0,0.01811,0,0,0.01167,3.9362,0.0092,0,0,0,0
99.99855,0,0,0.25658,0,0,0,0,0.00239,0,0,0,0,0,0,0,0.00071,0.0116,0.00286,0.07709,0,0,0,0.27406,0,0,0,0,0,0.00046,0.0382,0,0.00468,0.00093,10.01196,0,0.00567,0.14286,0.00185,1.27596,0.03899,0.67854,0,0,0,0,0,0.01645,0,0.08008,0,0.77523,0,0,0.02308,1.1486,0,0.01084,0.00588,0,0,0,0,0,0.00291,0,0,0,0,0.00368,0,0,0,0,0,0,0,0,0,0,0.0092,0,0.69452,0.00038,0,0,2.21622,0,0.20617,0,0,0,0,5.80888,0,0,0,0,0,0,0.00182,0,0,0.11205,0.02493,0,0,0,0,0.039,0,0.07576,0,0,0,0.00012,0,0.11641,0,0.75336,0.01191,0,0,0,0,0,0.05305,0,0,0.09806,0,0,0,0,1.24948,0.64278,0,0.05486,0.0192,0,0,0,0,0.00411,0,0,0,0.01162,0,0,0.00246,0.23337,0.00508,0,0,0.00043,0.00411,0,0.01129,0.06211,0,0.07637,0,0,0.00148,0,0,0.11436,0,0,0,0.00152,3.33284,0.00614,0.04373,1.5326,0,0,0,0.0435,0.05403,0,0.02065,0.06527,0.01372,0,0,0,0,1.16712,0,0,0,0,0,1.07367,0.36606,0,0,0.01169,0,0.06549,0.00089,0,1.24989,0,0,0,0,0,0,0,0.00135,0,0,0,0,0,0,0,0.03285,0.01264,0,0,0.01872,12.99862,0.33597,0,0.0597,0,0,0,0,0,0.0472,0,0.00021,0.00894,0,0,0.0008,0,0,0.00854,0,1.82174,0,1.27564,0.00085,0,0,0,0,0.42382,0.07171,0,0,0,0,21.86983,0,0,0.29444,0,0,0,0.03754,0,0,0,0,5.75806,0.05452,0,0,0.00108,0.62154,0,0,0,0.00251,0.00522,0,0,0,0,0.10624,0.00458,0,0,0.17164,0.00682,0,0,1.07862,0,0.02306,0,0.00057,0,2.23733,0,0,0.00895,0,0,0,0,0,0,0.0187,0,0,0,0,0,0,0,0,1.83728,0,0.582,0,0,0,0,0,0.05269,0,0,0,0,0,0,0,0,0,0,0,0.0009,0,0,0,0,0,0,0,0,0.00151,0,0.13384,0.03147,0.00407,0.49487,1.06391,0,0.09604,0,4.08061,0,0,0.03108,0,0,0,5.41334,0.04417,0,0,0,0,0.02599,0,0,0.02833,0,0
99.98973,0.00839,0.01538,0,2.05074,0,0,0.02886,0.00522,0,0,0.00242,0,0,0,0.0684,1.02631,0.05018,0.0497,0,0,0,0.08103,0,0,0,0,0.00057,0,0.01223,0.05456,1.22683,0.00075,0,0,0,0.00296,0,0,0,0,0.51181,0,0,0.00277,0,0,0,0.01434,0,0,0.00027,0.00244,0,0,0.19919,0,4.19617,0,0.00133,0,0.00814,0,0.02617,0.00943,0,0,0,0.00118,0.01977,0,0,0,0,0,0,0,0,0.00641,2.11494,0,0,0,0,0.08164,0.02964,0,0.00169,0.59343,0,0,0.00325,12.59267,0.64893,0.00223,0.03219,0,0.0016,0,0.0076,0,0,0.0005,0,0,0,0.00107,0,0.00286,0,0.27652,0,0,0,0.05805,0,0,0.09927,0,0,0,0,0,0.034,0,0.00071,0,0,0.00614,0,0,0,0.00066,0,1.5645,0.00151,0,0,0.00424,0,0,0,0,0,0,0,0,0,0,0,0,0.00075,0,0.00047,0,0,0,0.0104,0.01057,0.00112,0,0.18771,0,0,0.00552,0.00781,0,0,0.00921,0,0,0,0,0.65699,0,0,0,0,0,0,0.0702,0,0.03366,0,0.01353,0,0,0,0,0.30167,0.0021,0.0016,0,0,0,0,0.01101,0,0,0,0,0,0,0,0.38667,0,0,0,0,0,0,0,0.00056,0,0,0.04675,0,0,0,0,0.06498,0,0.00106,0,0.01489,0.00053,0.01047,0,0,0.00536,0,0,0.0003,0,0.02023,0.09943,0.01243,0.03524,0,0,0,0,4.09745,0.01986,0,0.04122,0,0.73375,0,0,0,0,0,0.03001,0.41501,0,0,0,0,11.14661,0,0,0.05822,0,0,0,0.04501,0,0,0,0,0.0011,0,0,0,0.00132,0,0,0,0,0,0.00636,0,0,11.36572,0.00073,0.0012,0,0,0,0.73601,0,0,0,0,0.00296,0,0,0.0062,0.02361,0,0,0,0.02597,0,0,0,0,0,0,0,0,0,0,0,0.02009,0,0,0,0.00086,0,0,0,16.20412,0.00132,0.00075,11.50755,0,0,0.00079,0.0641,0.0002,0,0,0,0,0,0,0.03041,0.00156,0.00027,0,0,3.28785,0.17789,0,0,0,9.42664,0,0,0.27449,0.00243,0.00011,0,0.0084,0.2327,0,0.00194,0.04001,0,0,0.07613,0.00171,0,0,0,0,0,0,0,0,0.00208,0,0,0,0
99.991,0,0,0.10011,0.10239,0,0,0.02357,0.03515,0,0,0,0,0,0,0,0,0.82978,0,0.02697,0.32187,0,0,0.02377,0.07821,0,0.00874,0.00129,0,0.00519,0,0,9.54091,0,3.36769,0,0.00694,0,0,4.58956,8.14931,0.00537,0,0,0,0,0.05355,0,0.33611,1.17526,0,0.01327,0,0.00148,0,2.24529,0.34212,0.45797,0.00139,0,0,0,0,0,0.07169,0,0.01153,0,0,0,0,0.03538,0,0,0,0,0,0.95641,0,0.02232,0.27651,0,1.25406,0.00191,0,0,0.17779,0.00745,0.6267,0,0,0,0,0.15122,0,0,0,0,0.01314,0.00334,0,0.0432,0,0.01169,0.29516,0,0,0,0,0,0.00252,0,0,0.0237,0,0.04106,0,0.21562,0,2.4696,0.00121,0,0,0.13217,0,0,0,0,0,2.33532,0,0,0.01239,0,0.66008,0.00173,0.0078,0,0,0,0,0,0.00022,0.13245,0.41419,0,0,0,0,0,0,0.01103,0.00717,0,0,0.00957,0.04319,0,0.00306,0,0,0.22163,0.2047,0,0,0,0,0.03341,0.01772,0,0,0.02071,0.23835,0,0,0.65311,0,0,0.00018,0.01294,0,0,0.17761,0,0.01425,0,0,0,0,0.48801,0.00469,0.0043,0,0.02822,0,0.28518,0.08549,0.00243,0.00151,0,0.01352,0.01718,0,0,6.23553,0,0,0,0,0,0,0,0.00623,0.14749,0,0,0,0,0.00405,0,0.02011,0,0,0,0.01255,0.00321,0.70497,0,0.0168,0,0,0,0,0,0.05558,0,0.00294,0.02362,0,0,0.01177,0,0,0.13353,0,0.06051,0,0.23096,0,0,0,0,0,0.77567,0.04895,0,0,0.01238,0,15.45167,0,0,1.00053,0,0,0,0.4467,0.02472,0,0,0,0.00366,0.05158,0,0,0.00675,0.15444,0,0,0,0,0.00431,0.00162,0,0.01856,0,2.47167,0.00429,0,0,0.24551,0,0,0,0.64608,0.0074,0,0,0.01875,0,0.75473,1.15619,0,0.03593,0,0,0,0,0,0,0.04219,0,0.08271,0,0,0,0,0,0.00256,15.62275,0,1.42552,0,0,0.0038,0,0.01407,0.08057,0.04476,0.00192,0,0.0097,0,0,0,0,0,0,0,0.00148,0,0,0,0,0.04948,0,0.00038,0,0,0,0.00702,0,0,1.93269,0.4974,0.00606,0.21103,0,0.01237,0,0,0.00017,0.09436,0.0042,0,0.84064,2.60595,0.05142,0,0,0,0.14479,0.00562,0,0,0,0.33147
99.97986,0,0,0.06884,0.04519,0.0001,0.00112,0.00701,0.02435,0.83955,0,0,0,0,0,0,0,0.08988,0,0,0,0,0,0,0,0,0,0,0,0.09286,0,0,0.00064,0,0.02077,0,0.00802,0,0,0,0.05714,0.17554,0,0.06737,0,0,0,0,0,0,0,0.17301,0.00015,0.00708,0,1.45964,0,0.45172,0.02014,0.00026,0.00091,0,0,0,0.0057,0,0,0.00777,0,0,0,0.00256,0.00043,0.00034,0,0,0,0.04349,0,0,0,0,0,0.0069,0,0,0.62415,0,0.06309,0,0,0,0,0.00145,0,0,0.0006,0,0,0.01904,0,0,0,0,0.13777,0,0,0,0,0.00358,0.81487,0,0,0,0,0.00207,0,0.32487,0,14.42772,0.01767,0.00502,0,0.13084,0,0,0,0,0,0.92147,0,0.04566,0.04686,0,10.38905,0.00044,0,0.01838,0.00108,0,0,0,0.00457,0,0,0,0,0,0,0,0,0.00021,0.00349,0,0,0.00119,0.01659,0,0,2.62741,0,0.07661,0.11142,0,0.00328,0,0,0.1424,0.02201,0,0,0.01984,1.47106,0.00023,0,0,0,0,0,0,0,0,0,0,0.01485,0,0,0,0,6.73323,0,0,0,0,0,0,0.05434,0,0.00418,0.11698,0,0.04491,0.03453,0,3.48626,0.02849,0.01056,0,0,0,0,0.00282,0.00047,0,0,0.29725,0,0,0.00118,0.00163,1.41122,0,0,1.74344,0.02237,0.97981,0.11905,0,0,0,0,0.0124,0,0.08753,0.37203,0,0.31982,0.01356,0,0,0,0,0,0,0,0,0.73021,0.18183,0,0,0.00184,0.01492,0,0.5679,0.35709,0,0,0,0,0.71419,0,0,0.92185,0,0,0,0.00196,0,0,0,0,0,0,0,0,0.00101,1.19364,0,28.28067,0,0,0.00245,0,0.02627,0.00698,0,1.918,0,0,0,1.04451,0,0,0,2.6527,0.0211,0,0,0.02982,0.05764,0.00345,0.10385,0.00283,0.00847,0,0,0,0,0,0,0,0,0.04037,0,0,0,0,0,0.11139,0.00134,0,0.12413,0,0.00271,0.01141,0,0.00343,0.04934,0.00053,0.00123,0,0.01414,0.02319,0,0,0,0,0,0,0.00192,0.01303,0,0,0,0.03345,0,0.004,0,0,0,0,0,0,0,0,0.00444,5.93531,0,0.00481,0,0,0.0135,0.01144,0.00981,0.00169,2.31025,0,0.0025,0,0,0.04527,0.27223,0.00044,0,0,0,0
99.99738,0,0,0.05803,0.01437,0,0.00242,0.00778,0.00089,0,1.97787,0,0,0,0,0,0.00113,0.60941,0,0.30585,0,0,0,0.31776,0,0,0.0905,0,0,0,0.00438,0,10.24144,0,1.97802,0,0,0,0,1.50781,0.00594,0.02058,0,0,0,0.71761,0.02221,0,0,0,0,0.06197,0,0.00106,0,1.79519,0.00422,0.00318,0.00483,0,0,0,0,0,0.0146,0,0,0,0,0,0,0,0,0,0,0,0,29.8765,0,0,0.35861,0,0.13515,0.38905,0,0.01684,0.00045,0,0.02486,0,0,0,0,0.04779,0,0.00146,0,0,0,0.00014,0.94783,0,0,0.0025,0.13186,0.00024,0,0,0,0,0,0,0,0.0801,0,0,0,0,0,1.18513,0,0,0.00125,1.56697,0,0,0,0,0,1.17549,0,0,0.03154,0.00022,2.75199,0.00079,0,0,0.00936,0,0,0,0,0.0693,0,0,1.07703,0,0,0,0,0,0.00609,0,0,0,0,0,0,0.04458,0,0.01606,0.0065,0,0.00134,0.00043,0,0.23565,0.00612,0,0,0,0.20168,0.04555,0,0.00753,0,0,0,0,0,0,0.00877,1.06519,0,0,0,0,0,0.2436,0.02283,0,0,0,0,0.10121,0.00312,0.06793,0.0126,0,0,0.00125,0.00835,0,0.96884,0,0,0,0.00539,0,0,0,0.01582,0.03498,0,0,0,0.01078,0,0,0.0103,0,0,2.59638,0,0.0013,0.01621,0.00022,0.00035,0,0,0,0.02243,0,0.04496,0,0.0006,0.03685,0,0,0,0,0,0.03275,0,0.04972,0,0.05712,0,0,0,0,0,0.60164,0.00773,0,0,0.00136,0,9.65711,0,0,0.03521,0,0,0,0,0,0,0,0,1.98803,0.87683,0,0,0.0133,0.04745,2.80207,0,0,0.14442,0,0,0,0,0,0.00799,0,0,0,0.37556,0,0,0,0.36868,0,0,0,0.00158,0,0.03253,0.34313,0,0,0.33811,0.00139,0,0,0,0,0,0,0.00538,0,0,0.14957,0,0,0,1.68254,0,0.86364,0,0,0.04324,0,0,0.00082,0,0,0,0,0,0,0,0,0.03797,0.00112,0,0,0,0,0,0,0.0108,0,0.0022,0,0,0,0,0,0,1.1557,0.06552,0,0.12968,0,10.41103,0,0.69538,0.02002,0.00044,0,0.00111,0.1088,1.1069,0,0,0,0,0.07802,0,0,0.02707,0,0.09343
99.75089,0,0,0,0.00095,0,0,0,0.02119,0,0,0,0,0,0,0,0,0.42392,0,0,1.27256,0,0,0,0,0,0,0,0,0.0017,0.01016,0,0.72662,0,3.45603,0,0.00122,0,0.05777,1.92666,1.27564,1.74079,0,0,0.00023,0,0.00671,0.01172,0.00564,0,0,0.00099,0.00757,0.00029,0,1.8215,0.11764,5.0014,0.02515,0,0,0,0.07055,0,0.01371,0,0,0.00029,0,0.00064,0,0.35753,0,0,0,0,0,0,0,1.86805,0,0.02524,0.00181,0.25982,0,0,0.32416,0.00762,0,0,0,0,0,0.02186,0,0,0,0,0,0,0,0,0,0,0,0,0.2358,0,0,0.04742,0.15509,0,0,0,0,0,0,0,0,2.48757,0,0,0,0.35163,0,0,0,0,0.01223,0.35287,0,0,0.00036,0,6.90244,0.06661,0,0,0.05426,0,0,0,0,0,0,0,0,0,0,0,0,0.07431,0.00619,0,0,0,0.05729,0,0.0218,0.01764,0,0.06458,0,0,0.05153,0.00395,0,0,0.01123,0.0001,2.76488,0.40204,0.00087,0,0,0,0,0,0,0.14612,0,0,0,0.00145,0,0,0,0,1.46281,0.28673,0,0,0,0.00143,0,0,9.00E-05,0,0.00036,0.10261,0,0.00105,0,0,2.93667,0,0,0.51893,0,0,0,0,0,0.00778,0.15975,0,0,3.55736,0.00224,0.001,0.25473,0,0,0.0036,0.02553,0.00389,0.31014,0,0.01292,0,0.05945,0,0,0.11756,0.01667,0,0.00439,0.10902,0.0013,0,0.00017,0,0,1.5593,0,0.05197,0,0.59465,0.00845,0.0019,0,0.00047,0,0.40281,1.40557,0,0,0,0,19.76434,0,0,0.0248,0,0,0,0.14836,0,0,0,0,13.58896,0,0,0,0.01212,0,0,0,0.01202,6.51689,0.01098,0,0,0,0,0.241,0.00125,0,0,1.67538,0,0,0,0.60613,0.01417,0,0,0.02675,0.00013,0,0,0,0,0,0,0,0,0,0,0.00168,0,0.00148,0.11302,0,0,0,0.45333,0.20033,2.1158,0,0.00227,0,0,0,0.00112,0,0,0,0.00046,0.00683,0.00596,0,0,0,0,0,0,0,0,0,0,0,0,8.00E-05,0,0.00109,0,0.02106,0,0,0.10205,0,3.66829,0,0.00588,0.00012,0,0.00278,0,0.00284,0,0.00059,0.0001,0,0,0.00104,0.00187,1.21675,0,0.04041,0,0.00139,0,0.0001,0,0
